AlternateNameId,GeonameId,ISOLanguage,AlternateName,isPreferredName,isShortName,isColloquial,isHistoric,inUseFrom,inUseTo
517814,932946,,Zweizwe Waterhole,,,,,,
4306913,932946,,Zweizwe,,,,,,
517815,932948,,Zuni,,,,,,
4306914,932948,,Zuni Pan,,,,,,
517816,932950,,Zebra Vley,,,,,,
4306915,932950,,Zebra Vlei,,,,,,
517817,932951,,Yomyu Vley,,,,,,
4306916,932951,,Yomyu Vlei,,,,,,
517818,932954,,Xgi Vley,,,,,,
4306917,932954,,Xgi Vlei,,,,,,
15793156,932955,wkdt,Q21858927,,,,,,
15958543,932955,,Xgara Island,,,,,,
517819,932956,,Dow Meer,,,,,,
517820,932956,,Lake Dow,,,,,,
4306918,932956,,Lake Xau,,,,,,
517821,932959,,Wheeler Vley,,,,,,
4306919,932959,,Wheeler Vlei,,,,,,
2929451,932960,link,https://en.wikipedia.org/wiki/Werda%2C_Botswana,,,,,,
4306920,932960,,Werda,,,,,,
517822,932962,,Vukwe,,,,,,
4306921,932962,,Vukwe River,,,,,,
6128525,932962,,Vukwi,,,,,,
517823,932966,,Ukwi,,,,,,
2929452,932966,link,https://en.wikipedia.org/wiki/Ukwi,,,,,,
4306922,932966,,Ukwi Pan,,,,,,
517824,932967,,Tutumi,,,,,,
4306923,932967,,Tutumi River,,,,,,
517825,932968,,Tuli Block,,,,,,
517826,932968,,Tuli District,,,,,,
517827,932968,,Tuli,,,,,,
4306924,932968,,Tuli Block Farms,,,,,,
517828,932971,,Tchwapong Hills,,,,,,
4306925,932971,,Tswapong Hills,,,,,,
6594239,932971,,Chwapong Hills,,,,,,
6594240,932971,,Chwapong,,,,,,
8094018,932971,link,https://en.wikipedia.org/wiki/Tswapong_Hills,,,,,,
517829,932974,,Tsodilo Hill,,,,,,
4306926,932974,,Tsodilo Hills,,,,,,
5709103,932974,link,https://en.wikipedia.org/wiki/Tsodilo,,,,,,
5775933,932977,,Tshimoyapula,,,,,,
5775934,932977,,Tsimo Ea Pula,,,,,,
8074106,932977,link,https://en.wikipedia.org/wiki/Tshimoyapula,,,,,,
6128526,932978,,Tsitlane,,,,,,
6128527,932978,,Tsiklane,,,,,,
517830,932982,,Tsessebe,,,,,,
517831,932982,,Tsessebe Station,,,,,,
4306927,932982,,Tshesebe,,,,,,
517832,932984,,Tsane,,,,,,
3032374,932984,link,https://en.wikipedia.org/wiki/Tshane,,,,,,
4306928,932984,,Tshane,,,,,,
517833,932986,,Chakahire,,,,,,
4306929,932986,,Tshakahire,,,,,,
517834,932987,,Tsabong,,,,,,
1926343,932987,en,Tshabong,,,,,,
1926344,932987,sv,Tshabong,,,,,,
2929453,932987,link,https://en.wikipedia.org/wiki/Tsabong,,,,,,
4306930,932987,,Tshabong,,,,,,
7484142,932987,iata,TBY,,,,,,
11591149,932987,be,Горад Чабонг,,,,,,
11591150,932987,el,Τσαμπόνγκ,,,,,,
11591151,932987,fa,تشابونگ، بوتسوانا,,,,,,
11591152,932987,he,טסאבונג,,,,,,
11591153,932987,ja,ツァボン,,,,,,
11591154,932987,ko,차봉,,,,,,
11591155,932987,lt,Čabongas,,,,,,
11591156,932987,uk,Чабонг,,,,,,
11591157,932987,ru,Чабонг,,,,,,
11591158,932987,zh,察邦,,,,,,
13731602,932987,unlc,BWTBY,,,,,,
517835,932992,,Tsaugara,,,,,,
4306931,932992,,Tsaugara Pan,,,,,,
517836,932995,,Tsamaea Siding,,,,,,
517837,932995,,Tsamaea,,,,,,
4306932,932995,,Tsamaya Siding,,,,,,
4306933,932997,,Toteng,,,,,,
13912560,932997,link,https://en.wikipedia.org/wiki/Toteng,,,,,,
15608145,932997,wkdt,Q31559531,,,,,,
517838,932998,,Topsi Siding,,,,,,
4306934,932998,,Topsi,,,,,,
5827036,932998,,Topisi Siding,,,,,,
5827037,932998,,Taupye,,,,,,
517839,933000,,Tonoto,,,,,,
2929455,933000,link,https://en.wikipedia.org/wiki/Tonota,,,,,,
4306935,933000,,Tonota,,,,,,
7072745,933002,link,https://en.wikipedia.org/wiki/Tobane,,,,,,
7112081,933002,,Tobane,,,,,,
14975765,933002,wkdt,Q166947,,,,,,
6128528,933003,,Tloupye,,,,,,
6128529,933003,,Tlopse,,,,,,
2929456,933004,link,https://en.wikipedia.org/wiki/Tlokweng,,,,,,
4306936,933004,,Tlokweng,,,,,,
15738193,933004,wkdt,Q859785,,,,,,
517840,933007,,Tlhareselele,,,,,,
4306937,933007,,Tlhareseleele,,,,,,
6644544,933014,,Tibitshwane,,,,,,
6644545,933014,,Tibechwane,,,,,,
517841,933015,,Tuni River,,,,,,
4306938,933015,,Thune,,,,,,
517842,933017,,Thamalakane,,,,,,
4306939,933017,,Thamalakane River,,,,,,
6892513,933017,link,https://en.wikipedia.org/wiki/Thamalakane_River,,,,,,
2929457,933018,link,https://en.wikipedia.org/wiki/Thamaga,,,,,,
4306940,933018,,Thamaga,,,,,,
517843,933020,,Towani,,,,,,
517844,933020,,Towani Siding,,,,,,
4306941,933020,,Tewane,,,,,,
5775935,933020,,Tewane Siding,,,,,,
517845,933021,,Tau,,,,,,
4306942,933021,,Tau Stadt,,,,,,
6594241,933021,,Manaledi,,,,,,
517846,933022,,Tautswe,,,,,,
517847,933022,,Taupse,,,,,,
4306943,933022,,Taupye,,,,,,
6644546,933023,,Tautswe Hill,,,,,,
6644547,933023,,Taupse Kop,,,,,,
517848,933025,,Tati,,,,,,
4306944,933025,,Tati River,,,,,,
8101822,933025,link,https://en.wikipedia.org/wiki/Tati_River,,,,,,
517851,933028,,Taukhe,,,,,,
4306946,933028,,Taokhe,,,,,,
6714036,933029,,Thantabana,,,,,,
6714037,933029,,Tantebane,,,,,,
15801725,933030,wkdt,Q171118,,,,,,
15958544,933030,,Tamasane,,,,,,
517852,933031,,Tamakha,,,,,,
4306947,933031,,Tamahakha,,,,,,
6128530,933031,,Thamaga,,,,,,
517854,933032,,Tanafupa Pan,,,,,,
4306948,933032,,Tamafupa Pan,,,,,,
5775936,933036,,Swaneng Hill,,,,,,
5775937,933036,,Swaneng,,,,,,
13731598,933037,unlc,BWSUN,,,,,,
13826832,933037,,Sunnyside,,,,,,
517855,933039,,Suka,,,,,,
4306949,933039,,Suka River,,,,,,
517856,933043,,Ngwaketse District,,,,,,
517857,933043,,Ngwaketsi,,,,,,
2184362,933043,,Southern,1,1,,,,
2929458,933043,link,https://en.wikipedia.org/wiki/Southern_District_%28Botswana%29,,,,,,
5650042,933043,,Southern District,,,,,,
11659559,933043,en,Ngwaketsi,,1,,,,
11659560,933043,en,Ngwaketsi District,1,,,,,
15774472,933043,wkdt,Q57609,,,,,,
2184368,933044,,South East,1,1,,,,
5650043,933044,,South East District,,,,,,
5701846,933044,link,https://en.wikipedia.org/wiki/South-East_District%2C_Botswana,,,,,,
11659557,933044,en,South-East,,1,,,,
11659558,933044,en,South-East District,1,,,,,
11712951,933044,fr,Sud-Est,,,,,,
15725137,933044,wkdt,Q57695,,,,,,
517858,933050,,Sitachwe,,,,,,
4306950,933050,,Sitachwe Pan,,,,,,
517859,933051,,Sisuma,,,,,,
4306951,933051,,Sisuma Pan,,,,,,
517860,933052,,Sisi Siding,,,,,,
4306952,933052,,Sisi,,,,,,
6128531,933052,,Sese Siding,,,,,,
6644548,933053,,Susulela Hill,,,,,,
6644549,933053,,Siselele,,,,,,
6128532,933055,,Selokolela,,,,,,
6128533,933055,,Silokwalela,,,,,,
517861,933059,,Shushong,,,,,,
4306953,933059,,Shushong Hills,,,,,,
5775938,933059,en,Shoshong Hills,,,,,,
517862,933061,,Shua,,,,,,
4306954,933061,,Shua River,,,,,,
517863,933062,,Nata Pan,,,,,,
4306955,933062,,Shua Pan,,,,,,
6714038,933062,,Sua Pan,,,,,,
517864,933063,,Shuane,,,,,,
4306956,933063,,Shuane River,,,,,,
517865,933064,,Shushong,,,,,,
2929459,933064,link,https://en.wikipedia.org/wiki/Shoshong,,,,,,
4306957,933064,,Shoshong,,,,,,
14982593,933064,wkdt,Q72571,,,,,,
517866,933066,,Sherm Vley,,,,,,
4306958,933066,,Sherm Vlei,,,,,,
517867,933067,,Sherm Vley,,,,,,
4306959,933067,,Sherm Vlei,,,,,,
517868,933068,,Shawila,,,,,,
4306960,933068,,Shawila Village,,,,,,
517869,933070,,Shashe Reservoir,,,,,,
4306961,933070,,Shashe Dam,,,,,,
517870,933071,,Shashe,,,,,,
517871,933071,,Shashi,,,,,,
517872,933071,,Shashi River,,,,,,
7033366,933071,link,https://en.wikipedia.org/wiki/Shashe_River,,,,,,
11499442,933071,en,Shashe River,,,,,,
11499443,933071,es,Río Shashe,,,,,,
11499444,933071,hi,शाशे नदी,,,,,,
11499445,933071,ja,シャシェ川,,,,,,
11499446,933071,lt,Šašė,,,,,,
11499447,933071,tn,Noka ya Shashe,,,,,,
11499448,933071,pt,Rio Shashe,,,,,,
11499449,933071,ru,Шаше,,,,,,
11499450,933071,zh,沙希河,,,,,,
517873,933072,,Shashi,,,,,,
517874,933072,,Shashi Siding,,,,,,
517875,933072,,Shasi,,,,,,
4306962,933072,,Shashe,,,,,,
517876,933076,,Shakwe,,,,,,
4306963,933076,,Shakawe,,,,,,
6644550,933076,,Shakgwe,,,,,,
15456678,933076,wkdt,Q21858874,,,,,,
2929460,933077,link,https://en.wikipedia.org/wiki/Shakawe,,,,,,
4306964,933077,,Shakawe,,,,,,
7481744,933077,iata,SWX,,,,,,
13731600,933077,unlc,BWSWX,,,,,,
15739834,933077,wkdt,Q170663,,,,,,
517877,933085,,Sesalajwe,,,,,,
4306965,933085,,Sesalajwe Hill,,,,,,
517878,933086,,Motusi Village,,,,,,
4306966,933086,,Seruli,,,,,,
5775939,933086,,Serule,,,,,,
7184688,933086,link,https://en.wikipedia.org/wiki/Serule,,,,,,
517879,933087,,Seruli Siding,,,,,,
517880,933087,,Seruli,,,,,,
4306967,933087,,Serule Siding,,,,,,
1611966,933088,de,Serowe,,,,,,
1611967,933088,en,Serowe,,,,,,
1611968,933088,nl,Serowe,,,,,,
1611969,933088,pl,Serowe,,,,,,
1924984,933088,ro,Serowe,,,,,,
1924985,933088,sv,Serowe,,,,,,
2929461,933088,link,https://en.wikipedia.org/wiki/Serowe,,,,,,
3038712,933088,ru,Серова,,,,,,
4306968,933088,,Serowe,,,,,,
9456439,933088,el,Σερόουε,,,,,,
9456440,933088,fa,سرووه، بوتسوانا,,,,,,
9456441,933088,ja,セロウェ,,,,,,
9456442,933088,ko,세로웨,,,,,,
9456443,933088,lt,Serovė,,,,,,
9456444,933088,tr,Serove,,,,,,
9456445,933088,uk,Серове,,,,,,
9456446,933088,ru,Серове,,,,,,
9456447,933088,zh,塞罗韦,,,,,,
11423772,933088,he,סרובה,,,,,,
13731597,933088,unlc,BWSER,,,,,,
14984246,933088,wkdt,Q855634,,,,,,
517881,933089,,Serureme,,,,,,
517882,933089,,Serurumi River,,,,,,
4306969,933089,,Serorome,,,,,,
6594242,933093,,Seolwane,,,,,,
6594243,933093,,Seoawane,,,,,,
517883,933099,,Selibe,,,,,,
517884,933099,,Pikwe,,,,,,
517885,933099,,Phikwe,,,,,,
517886,933099,,Selibe-Pikwe Mine Lease Area,,,,,,
517887,933099,,Selebi,,,,,,
517888,933099,,Selibe-Phikwe,,,,,,
517889,933099,,Pikwe-Selibe,,,,,,
1834054,933099,,Selebi-Pikwe,,,,,,
2929462,933099,link,https://en.wikipedia.org/wiki/Selebi-Phikwe,,,,,,
4306970,933099,,Selebi-Phikwe,,,,,,
7482766,933099,iata,PKW,,,,,,
11495490,933099,it,Selebi Pikwe,,,,,,
11495491,933099,el,Σελέμπι-Φίκουε,,,,,,
11495492,933099,fa,سلیب فیکوه، بوتسوانا,,,,,,
11495493,933099,ja,セレビ・ピクウェ,,,,,,
11495494,933099,ko,셀레비피퀘,,,,,,
11495495,933099,lt,Selebi Pikvė,,,,,,
11495496,933099,ro,Selibe Phikwe,,,,,,
11495497,933099,uk,Селебі-Пхікве,,,,,,
11495498,933099,ur,سیلیبی-فیکوے,,,,,,
11495499,933099,ru,Селеби-Пхикве,,,,,,
11495500,933099,zh,塞莱比-皮奎,,,,,,
13731595,933099,unlc,BWPKW,,,,,,
517890,933100,,Selibe,,,,,,
4306971,933100,,Selebi,,,,,,
14988116,933102,wkdt,Q21858864,,,,,,
15958545,933102,,Sekoma,,,,,,
517891,933104,,Sekhwawa,,,,,,
4306972,933104,,Sekhwawa Hill,,,,,,
6128535,933104,,Segwagwa Hills,,,,,,
517892,933105,,Sekhawawa,,,,,,
4306973,933105,,Sekhwawa,,,,,,
6128536,933105,,Segwagwa,,,,,,
517893,933106,,Sekhuma,,,,,,
4306974,933106,,Sekhuma Pan,,,,,,
6644551,933106,,Sekoma Pan,,,,,,
517894,933109,,Sehithwe,,,,,,
2929463,933109,link,https://en.wikipedia.org/wiki/Sehithwa,,,,,,
4306975,933109,,Sehithwa,,,,,,
517895,933110,,Sehengo,,,,,,
4306976,933110,,Sehengos,,,,,,
8079998,933112,link,https://en.wikipedia.org/wiki/Sefophe,,,,,,
8108664,933112,,Sefophe,,,,,,
517896,933114,,Sebuyu N’Kulu,,,,,,
13912556,933117,link,https://en.wikipedia.org/wiki/Sebina,,,,,,
13913607,933117,,Sebina,,,,,,
15254702,933117,wkdt,Q170981,,,,,,
517900,933118,,Sebele,,,,,,
4306977,933118,,Sebele Siding,,,,,,
15444992,933123,wkdt,Q21858856,,,,,,
15958546,933123,,Santantadibe Island,,,,,,
517901,933128,,Sandputs,,,,,,
4306978,933128,,Sandputz,,,,,,
517902,933131,,Salts Springs,,,,,,
4306979,933131,,Salt Springs,,,,,,
517903,933137,,Ratholo,,,,,,
4306980,933137,,Ratolo,,,,,,
517904,933141,,Ramoutsa,,,,,,
4306981,933141,,Ramotswa,,,,,,
7144020,933141,link,https://en.wikipedia.org/wiki/Ramotswa,,,,,,
13731596,933141,unlc,BWRSA,,,,,,
517905,933144,,Ramokgwebana,,,,,,
517906,933144,,Ramakgwebana,,,,,,
517907,933144,,Ramaquabana,,,,,,
4306982,933144,,Ramaquabane,,,,,,
517908,933145,,Ramaquabane,,,,,,
4306983,933145,,Ramokgwebane Siding,,,,,,
6128537,933147,,Ramaphatlhe,,,,,,
6128538,933147,,Ramaphato,,,,,,
6594244,933148,,Ramokgonami,,,,,,
6594245,933148,,Ramakonami,,,,,,
13912554,933148,link,https://en.wikipedia.org/wiki/Ramokgonami,,,,,,
14880278,933148,wkdt,Q72189,,,,,,
8108665,933150,,Rakops,,,,,,
517909,933151,,Tsienyane,,,,,,
517910,933151,,Bakops,,,,,,
4306984,933151,,Rakops,,,,,,
8081766,933151,link,https://en.wikipedia.org/wiki/Rakops,,,,,,
14974459,933151,wkdt,Q31483645,,,,,,
517912,933154,,Raiher Vley,,,,,,
4306986,933154,,Raiher Vlei,,,,,,
517913,933157,,Samahala’s,,,,,,
4306987,933157,,Puluhelo,,,,,,
517914,933161,,Pitsani Siding,,,,,,
517915,933161,,Pitsane,,,,,,
4306988,933161,,Pitsani,,,,,,
7169286,933164,link,https://en.wikipedia.org/wiki/Pilane,,,,,,
7323552,933164,,Pilane,,,,,,
517916,933165,,Phikwe,,,,,,
4306989,933165,,Pikwe,,,,,,
5827038,933167,,Pikwe,,,,,,
5827039,933167,,Phikwe,,,,,,
517917,933168,,Pala Camp,,,,,,
4306990,933168,,Phala,,,,,,
517918,933170,,Papascheem,,,,,,
4306991,933170,,Pepascheem,,,,,,
7537131,933178,link,https://en.wikipedia.org/wiki/Pandamatenga,,,,,,
517919,933181,,Palapshwe,,,,,,
4306992,933181,,Palapye Kop,,,,,,
517920,933182,,Palapye Road,,,,,,
517921,933182,,Palapaye Road,,,,,,
517922,933182,,Palatswe,,,,,,
2929464,933182,link,https://en.wikipedia.org/wiki/Palapye,,,,,,
4306993,933182,,Palapye,,,,,,
7483319,933182,iata,QPH,,,,,,
9371616,933182,el,Παλάπιε,,,,,,
9371617,933182,fa,پالاپی، بوتسوانا,,,,,,
9371618,933182,ru,Палапье,,,,,,
9371619,933182,zh,帕拉佩,,,,,,
11384492,933182,uk,Палапє,,,,,,
13731594,933182,unlc,BWPAL,,,,,,
15841783,933182,wkdt,Q170711,,,,,,
517923,933184,,Ootsi,,,,,,
517924,933184,,Ootsi Siding,,,,,,
4306994,933184,,Otse,,,,,,
6898873,933184,link,https://en.wikipedia.org/wiki/Otse,,,,,,
517925,933185,,Ootsi,,,,,,
4306995,933185,,Otse,,,,,,
2929465,933186,link,https://en.wikipedia.org/wiki/Orapa,,,,,,
3038713,933186,ru,Орапа,,,,,,
4306996,933186,,Orapa,,,,,,
7482202,933186,iata,ORP,,,,,,
13731593,933186,unlc,BWORP,,,,,,
517926,933188,,Omdraai,,,,,,
4306997,933188,,Omdrai,,,,,,
517927,933194,,Palapshwe,,,,,,
4306998,933194,,Old Palapye,,,,,,
517928,933195,,Okwa,,,,,,
4306999,933195,,Okwa Pan,,,,,,
517929,933197,,Okwa,,,,,,
4307000,933197,,Chapman’s River,,,,,,
517930,933198,,Okovanggo Basin,,,,,,
517931,933198,,Moerasse van die Okavango,,,,,,
517932,933198,,Okovanggo Swamp,,,,,,
517933,933198,,Marshes of the Okavango,,,,,,
4307001,933198,,Okavango Swamps,,,,,,
517934,933199,,Oikhe,,,,,,
4307002,933199,,Oikhe Pan,,,,,,
517935,933202,,Ochwe,,,,,,
517936,933202,,Otse Pan,,,,,,
4307003,933202,,Ochwe Pan,,,,,,
517937,933204,,Nwatle,,,,,,
4307004,933204,,Nwatle Pan,,,,,,
517938,933207,,Mokoamoto Pan,,,,,,
4307005,933207,,Ntwetwe Pan,,,,,,
517939,933210,,Francistown District,,,,,,
2184367,933210,,North East,1,1,,,,
5650044,933210,,North East District,,,,,,
5701795,933210,link,https://en.wikipedia.org/wiki/North-East_District_(Botswana),,,,,,
6702198,933210,,Tati Concession,,,,,,
11659553,933210,en,North-East District,1,,,,,
11659554,933210,en,North-East,,1,,,,
15798766,933210,wkdt,Q57636,,,,,,
517940,933211,,Nokaning,,,,,,
517941,933211,,Nokanen,,,,,,
2929466,933211,link,https://en.wikipedia.org/wiki/Nokaneng,,,,,,
4307006,933211,,Nokaneng,,,,,,
2929467,933212,link,https://en.wikipedia.org/wiki/Nojane,,,,,,
4307007,933212,,Nojane,,,,,,
517942,933215,,Nkoehaphiri,,,,,,
4307008,933215,,Nkoyaphiri Hill,,,,,,
517943,933219,,Ngwasha Pan,,,,,,
517944,933219,,Nyakwachi Pan,,,,,,
517945,933219,,Nwasha Pan,,,,,,
517946,933219,,Nwasha,,,,,,
4307009,933219,,Ngwahla Pan,,,,,,
517947,933220,,Ngwanalekau,,,,,,
4307010,933220,,Ngwanalekau Hills,,,,,,
15845156,933224,wkdt,Q21858812,,,,,,
15958547,933224,,Ngindi Island,,,,,,
517948,933227,,Ngokha,,,,,,
517949,933227,,Ngoga,,,,,,
4307011,933227,,Ng-gokha,,,,,,
517950,933228,,Jerewa Pan,,,,,,
517951,933228,,Geruja Pan,,,,,,
4307012,933228,,Ngerugha Pan,,,,,,
517952,933230,,Ngamiland District,,,,,,
2184360,933230,,North West,1,1,,,,
5650045,933230,,North West District,,,,,,
5701801,933230,link,https://en.wikipedia.org/wiki/North-West_District_(Botswana),,,,,,
11659555,933230,en,North-West District,1,,,,,
11659556,933230,en,North-West,,1,,,,
13595958,933230,,Ngamiland,,,,,,
15361776,933230,wkdt,Q57617,,,,,,
517953,933232,,Ngami,,,,,,
2929468,933232,link,https://en.wikipedia.org/wiki/Lake_Ngami,,,,,,
4307013,933232,,Lake Ngami,,,,,,
517954,933234,,Nemtungu Pan,,,,,,
517955,933236,,Namasseri,,,,,,
517956,933236,,Ngamaseri,,,,,,
4307014,933236,,Ncamasere,,,,,,
517957,933237,,Nata,,,,,,
517958,933237,,Manzamnyama,,,,,,
11305575,933237,link,https://en.wikipedia.org/wiki/Nata_River,,,,,,
8088504,933238,link,https://en.wikipedia.org/wiki/Nata%2C_Botswana,,,,,,
8802809,933238,,Nata,,,,,,
517959,933240,,Namissan,,,,,,
4307015,933240,,Namissa Drift,,,,,,
14880276,933240,wkdt,Q21858803,,,,,,
15793080,933242,wkdt,Q21858801,,,,,,
15958548,933242,,Namakha Island,,,,,,
517960,933248,,Munung,,,,,,
517961,933248,,Mung Pan,,,,,,
4307016,933248,,Munung Pan,,,,,,
517962,933250,,Mohembo,,,,,,
4307017,933250,,Muhembo,,,,,,
517963,933253,,Mswazi,,,,,,
4307018,933253,,Mswazi Village,,,,,,
517964,933254,,Mpepu Halt,,,,,,
4307019,933254,,Mpepu,,,,,,
5827040,933259,,Mothwane,,,,,,
5827041,933259,,Motwon,,,,,,
15093791,933261,wkdt,Q21858794,,,,,,
15958550,933261,,Motsaod Island,,,,,,
517965,933262,,Maklautsi,,,,,,
517966,933262,,Macloutsie,,,,,,
4307020,933262,,Motloutse,,,,,,
517967,933263,,Maklauts,,,,,,
517968,933263,,Maklautsi,,,,,,
4307021,933263,,Motloutse,,,,,,
517969,933264,,Macloutsie,,,,,,
4307022,933264,,Motloutse,,,,,,
517970,933271,,Moshupa,,,,,,
2929469,933271,link,https://en.wikipedia.org/wiki/Moshupa,,,,,,
4307023,933271,,Mosopa,,,,,,
14858031,933271,wkdt,Q170660,,,,,,
517971,933272,,Artesia,,,,,,
4307024,933272,,Mosomane,,,,,,
7148388,933272,link,https://en.wikipedia.org/wiki/Mosomane,,,,,,
6128539,933275,,Masokabale,,,,,,
6128540,933275,,Mosikobale,,,,,,
517972,933276,,Moshwane,,,,,,
4307025,933276,,Moshwana,,,,,,
6644552,933280,,Morwamosu,,,,,,
6644553,933280,,Morwamotsu,,,,,,
517973,933283,,Moreomabele Siding,,,,,,
4307026,933283,,Moreomabele,,,,,,
5827042,933283,,Moremabele Siding,,,,,,
8097084,933283,link,https://en.wikipedia.org/wiki/Moreomabele,,,,,,
517974,933284,,Horeme,,,,,,
4307027,933284,,Moreme,,,,,,
6594246,933284,,Moremi,,,,,,
8073941,933284,link,https://en.wikipedia.org/wiki/Moremi%2C_Botswana,,,,,,
6644554,933286,,Morebe Hill,,,,,,
6644555,933286,,Moreba Hill,,,,,,
7525363,933288,link,https://en.wikipedia.org/wiki/Mopipi,,,,,,
7566276,933288,,Mopipi,,,,,,
517975,933289,,Mmopane Kop,,,,,,
4307028,933289,,Mmopane Hill,,,,,,
7175673,933289,link,https://en.wikipedia.org/wiki/Mmopane,,,,,,
8084949,933290,link,https://en.wikipedia.org/wiki/Mookane,,,,,,
8108666,933290,,Mookane,,,,,,
517976,933292,,Maunatlala,,,,,,
4307029,933292,,Monnatlala,,,,,,
8069226,933292,link,https://en.wikipedia.org/wiki/Maunatlala,,,,,,
517977,933293,,Moneka Pan,,,,,,
4307030,933293,,Moneka,,,,,,
6128541,933296,,Manyelanong Hill,,,,,,
6128542,933296,,Monalanong,,,,,,
7034440,933296,link,https://en.wikipedia.org/wiki/Monalanong_Hill,,,,,,
517978,933301,,Moloporivier,,,,,,
517979,933301,,Molopo River,,,,,,
4307031,933301,,Molopo,,,,,,
7195114,933301,link,https://en.wikipedia.org/wiki/Molopo_River,,,,,,
6594247,933302,,Molongong Hill,,,,,,
6594248,933302,,Mologong,,,,,,
6644556,933304,,Malete,,,,,,
6644557,933304,,Molete,,,,,,
1924645,933305,pl,Molepolole,,,,,,
1924646,933305,en,Molepolole,,,,,,
1924647,933305,et,Molepolole,,,,,,
1924648,933305,ro,Molepolole,,,,,,
1924649,933305,sv,Molepolole,,,,,,
2929470,933305,link,https://en.wikipedia.org/wiki/Molepolole,,,,,,
3038714,933305,ru,Молепололе,,,,,,
4307032,933305,,Molepolole,,,,,,
9361185,933305,el,Μολεπολόλε,,,,,,
9361186,933305,fa,مولپولوله، بوتسوانا,,,,,,
9361187,933305,ja,モレポロレ,,,,,,
9361188,933305,ko,몰레폴롤레,,,,,,
9361189,933305,lt,Molepololė,,,,,,
9361190,933305,zh,莫萊波洛萊,,,,,,
11376376,933305,he,מולפולולה,,,,,,
11376377,933305,uk,Молепололе,,,,,,
14889499,933305,wkdt,Q170725,,,,,,
517980,933310,,Mokoro Siding,,,,,,
4307033,933310,,Mokoro,,,,,,
6128543,933310,,Makoro Siding,,,,,,
14995136,933312,wkdt,Q21858773,,,,,,
15958551,933312,,Mokokwane,,,,,,
6644558,933313,,Makobeng,,,,,,
6644559,933313,,Mokobeng,,,,,,
15853936,933313,wkdt,Q72034,,,,,,
6128544,933314,,Mogwalale Pans,,,,,,
6128545,933314,,Mokhwalala Pans,,,,,,
6644560,933316,,Mokgopeetsane,,,,,,
6644561,933316,,Mokhopetsana,,,,,,
517981,933320,,Mokhatlane,,,,,,
4307034,933320,,Mahatlane Hill,,,,,,
5775940,933321,,Mogapinyana,,,,,,
5775941,933321,,Mokhapinyana,,,,,,
8100595,933321,link,https://en.wikipedia.org/wiki/Mogapinyana,,,,,,
6128546,933322,,Mokape,,,,,,
6128547,933322,,Mokhapi,,,,,,
5775942,933323,,Mokgare Hills,,,,,,
5775943,933323,,Mokgware Hills,,,,,,
5775944,933323,,Makhware Hills,,,,,,
5775945,933323,,Mokware,,,,,,
5775946,933323,,Mikgware Hills,,,,,,
5775947,933323,,Mokware Hills,,,,,,
517982,933324,,Mahosi Siding,,,,,,
4307035,933324,,Mokgosi,,,,,,
517983,933329,,Moiyabana,,,,,,
4307036,933329,,Moijabana,,,,,,
15316302,933329,wkdt,Q21858765,,,,,,
517984,933330,,Mogorras Pan,,,,,,
4307037,933330,,Mogorras,,,,,,
517985,933331,,Mogoditsane,,,,,,
2929471,933331,link,https://en.wikipedia.org/wiki/Mogoditshane,,,,,,
4307038,933331,,Mogoditshane,,,,,,
13731591,933331,unlc,BWMGS,,,,,,
14889500,933331,wkdt,Q170717,,,,,,
8101063,933333,link,https://en.wikipedia.org/wiki/Mogapi,,,,,,
8108667,933333,,Mogapi,,,,,,
517986,933339,,Mochumi Stad,,,,,,
4307039,933339,,Mochumi,,,,,,
517987,933340,,Mochudi Village,,,,,,
1926338,933340,de,Mochudi,,,,,,
1926339,933340,en,Mochudi,,,,,,
1926340,933340,nl,Mochudi,,,,,,
1926341,933340,ro,Mochudi,,,,,,
1926342,933340,sv,Mochudi,,,,,,
2929472,933340,link,https://en.wikipedia.org/wiki/Mochudi,,,,,,
3038715,933340,ru,Мочуди,,,,,,
4307040,933340,,Mochudi,,,,,,
11476721,933340,el,Μοτσούντι,,,,,,
11476722,933340,fa,موچودی، بوتسوانا,,,,,,
11476723,933340,ja,モチュディ,,,,,,
11476724,933340,ko,모추디,,,,,,
11476725,933340,lt,Močudis,,,,,,
11476726,933340,uk,Мочуді,,,,,,
11476727,933340,zh,莫丘迪,,,,,,
517988,933347,,Mathobudukwane,,,,,,
517989,933347,,Mmathubudkwane,,,,,,
517990,933347,,Mathubudukwane,,,,,,
4307041,933347,,Mmathubudukwane,,,,,,
8101956,933347,link,https://en.wikipedia.org/wiki/Mmathubudukwane,,,,,,
6644562,933348,,Mmamarobole Hills,,,,,,
6644563,933348,,Mmamarobole,,,,,,
517991,933349,,Mamabula,,,,,,
517992,933349,,Mamabule,,,,,,
4307042,933349,,Mmamabula,,,,,,
6594249,933349,,Mmamabula Siding,,,,,,
517993,933350,,Madinare,,,,,,
4307043,933350,,Mmadinare,,,,,,
7165405,933350,link,https://en.wikipedia.org/wiki/Mmadinare,,,,,,
517994,933355,,Mhalapshwe River,,,,,,
4307044,933355,,Mhalatswe River,,,,,,
517995,933356,,Metsemotlaba Siding,,,,,,
4307045,933356,,Metsimaclaba,,,,,,
517996,933357,,Metsemotlaba River,,,,,,
4307046,933357,,Metsemotlhaba,,,,,,
8412515,933365,,Mmatshumo,,,,,,
8412516,933365,,Mekomxana,,,,,,
1611892,933366,de,Maun,1,,,,,
1611893,933366,en,Maun,1,,,,,
1611894,933366,nl,Maun,,,,,,
1924942,933366,ro,Maun,,,,,,
1924943,933366,sv,Maun,,,,,,
2929473,933366,link,https://en.wikipedia.org/wiki/Maun%2C_Botswana,,,,,,
3038716,933366,ru,Маун,,,,,,
4307047,933366,,Maun,,,,,,
7481927,933366,iata,MUB,,,,,,
9528115,933366,fr,Maun,1,,,,,
11458289,933366,be,Горад Маўн,,,,,,
11458290,933366,el,Μαούν,,,,,,
11458291,933366,fa,ماون، بوتسوانا,,,,,,
11458292,933366,he,מאון,,,,,,
11458293,933366,ja,マウン,,,,,,
11458294,933366,ko,마운,,,,,,
11458295,933366,lt,Maunas,,,,,,
11458296,933366,uk,Маун,,,,,,
11458297,933366,zh,馬翁,,,,,,
13731592,933366,unlc,BWMUB,,,,,,
15785716,933366,wkdt,Q170732,,,,,,
517997,933371,,Majemolobye,,,,,,
4307048,933371,,Matsiloje,,,,,,
6594250,933377,,Mathakola,,,,,,
6594251,933377,,Matlakola,,,,,,
6644564,933378,,Matlakhotse One,,,,,,
6644565,933378,,Matlakhotse 1,,,,,,
6644566,933380,,Matlha-Banelo,,,,,,
6644567,933380,,Matlabanelo,,,,,,
8092785,933383,link,https://en.wikipedia.org/wiki/Mathathane,,,,,,
8108668,933383,,Mathathane,,,,,,
6594252,933385,,Matoposane,,,,,,
6594253,933385,,Matepasane,,,,,,
517998,933387,,Matangwan Stad,,,,,,
4307049,933387,,Matangwan,,,,,,
6128548,933387,,Mathambgwane,,,,,,
6128549,933388,,Matlale Hill,,,,,,
6128550,933388,,Matale,,,,,,
517999,933390,,Masungas,,,,,,
2929474,933390,link,https://en.wikipedia.org/wiki/Masunga,,,,,,
4307050,933390,,Masunga,,,,,,
15394138,933390,wkdt,Q170830,,,,,,
6644568,933393,,Masama Kop,,,,,,
6644569,933393,,Massamane Kop,,,,,,
6594254,933396,,Mosopha,,,,,,
6594255,933396,,Mashopa,,,,,,
5775948,933403,,Masame,,,,,,
5775949,933403,,Masama,,,,,,
518000,933409,,Marsupe,,,,,,
4307051,933409,,Marsupe River,,,,,,
6128551,933411,,Morotwane Pan,,,,,,
6128552,933411,,Marotwane Pan,,,,,,
518001,933416,,Manyane,,,,,,
4307052,933416,,Manyana,,,,,,
13912551,933416,link,"https://en.wikipedia.org/wiki/Manyana,_Botswana",,,,,,
518002,933417,,Manduyan Stad,,,,,,
4307053,933417,,Manduyan,,,,,,
518003,933430,,Polontswa,,,,,,
4307054,933430,,Malanchwane Pan,,,,,,
518004,933432,,Malaka,,,,,,
4307055,933432,,Malake,,,,,,
518005,933435,,Selinda Spillway,,,,,,
4307056,933435,,Makwegana Spillway,,,,,,
6644570,933444,,Mmakanke,,,,,,
6644571,933444,,Makonke,,,,,,
518006,933449,,Makhware,,,,,,
4307057,933449,,Makhware Hills,,,,,,
518009,933452,,Makgara,,,,,,
4307059,933452,,Makgara Pan,,,,,,
518010,933454,,Makarikari Salt Pan,,,,,,
518011,933454,,Makarikari Flats,,,,,,
518012,933454,,Makarikari Swamp,,,,,,
518013,933454,,Makarikari,,,,,,
518014,933454,,Makagadikgadi Salt Pans,,,,,,
518015,933454,,Great Makarikari Salt Pan,,,,,,
518016,933454,,Great Makalakari Lake,,,,,,
4307060,933454,,Makgadikgadi,,,,,,
8412517,933454,,Makgadikgadi Pans,,,,,,
8412518,933454,,Makgadikgadi Pan,,,,,,
14975143,933456,wkdt,Q170968,,,,,,
15958552,933456,,Makaleng,,,,,,
2929475,933457,link,https://en.wikipedia.org/wiki/Makalamabedi,,,,,,
4307061,933457,,Makalamabedi,,,,,,
8412519,933458,,Xhorodomo Pan,,,,,,
8412520,933458,,Makadikadi Pan,,,,,,
8412521,933458,,Makgadikgadi Pan,,,,,,
518017,933459,,Makabana Hill,,,,,,
4307062,933459,,Makabana,,,,,,
6128553,933460,,Majaneng,,,,,,
6128554,933460,,Majaning,,,,,,
6128555,933462,,Manyana,,,,,,
6128556,933462,,Majana,,,,,,
518018,933464,,Maitengwe,,,,,,
518019,933464,,Matengwe River,,,,,,
518020,933469,,Mahudutlachi,,,,,,
4307063,933469,,Mahudutlachi Pan,,,,,,
518021,933471,,Mahalatswe,,,,,,
2929476,933471,link,https://en.wikipedia.org/wiki/Mahalapye,,,,,,
4307064,933471,,Mahalapye,,,,,,
11458529,933471,be,Горад Махалапе,,,,,,
11458530,933471,fa,ماهالاپیه، بوتسوانا,,,,,,
11458531,933471,ja,マハラピエ,,,,,,
11458532,933471,ko,마할라피에,,,,,,
11458533,933471,lt,Mahalapjė,,,,,,
11458534,933471,ru,Махалапье,,,,,,
11458535,933471,zh,馬哈拉佩,,,,,,
15378992,933471,wkdt,Q170724,,,,,,
6644572,933472,,Mhalapitsa,,,,,,
6644573,933472,,Mahalapitsa,,,,,,
15632456,933473,wkdt,Q21858693,,,,,,
15958553,933473,,Magwikwe,,,,,,
15567374,933474,wkdt,Q21858692,,,,,,
15958554,933474,,Magothla,,,,,,
518022,933475,,Magamabele Pan,,,,,,
4307065,933475,,Magamabele,,,,,,
518023,933478,,Madsiara,,,,,,
4307066,933478,,Madsiara Drift,,,,,,
15732226,933478,wkdt,Q21858689,,,,,,
8412522,933479,,Maditsenyane,,,,,,
8412523,933479,,Madista,,,,,,
518024,933481,,Macloutsie,,,,,,
518025,933481,,Macloutsie Siding,,,,,,
4307067,933481,,Macloutsi,,,,,,
6128557,933481,,Motloutse Siding,,,,,,
518026,933482,,Machwe,,,,,,
4307068,933482,,Machwe Pan,,,,,,
518027,933483,,Machous,,,,,,
4307069,933483,,Machous River,,,,,,
518028,933485,,Machokwane,,,,,,
4307070,933485,,Machokwane River,,,,,,
6128558,933487,,Moshaneng,,,,,,
6128559,933487,,Machaneng,,,,,,
518029,933488,,Machenen,,,,,,
4307071,933488,,Machaneng,,,,,,
518030,933492,,Mabua Sefhubi,,,,,,
4307072,933492,,Mabua Sefhubi Pan,,,,,,
518031,933493,,Mabosi,,,,,,
4307073,933493,,Mabosi Stadt,,,,,,
6594256,933495,,Mabeleapodi Hill,,,,,,
6594257,933495,,Mabele a Pudi,,,,,,
14880288,933495,wkdt,Q21858679,,,,,,
5775950,933496,,Mabeleapodi,,,,,,
5775951,933496,,Mabele a Pudi,,,,,,
15593537,933497,wkdt,Q21858677,,,,,,
15958555,933497,,Mababe Depression,,,,,,
14880281,933498,wkdt,Q21858676,,,,,,
15958556,933498,,Maapi,,,,,,
518032,933499,,Lyshuma,,,,,,
518033,933499,,Lyshuma River,,,,,,
6128560,933502,,Leupane,,,,,,
6128561,933502,,Lupani,,,,,,
518034,933503,,Lotsani River,,,,,,
4307074,933503,,Lotsane,,,,,,
6128562,933506,,Lotlhakane,,,,,,
6128563,933506,,Lotlakani,,,,,,
13912553,933506,link,https://en.wikipedia.org/wiki/Lotlhakane,,,,,,
518035,933507,,Lothlekane Well,,,,,,
4307075,933507,,Lothlekane,,,,,,
8412524,933507,,Letlhakane Well,,,,,,
518036,933514,,Lokala,,,,,,
4307076,933514,,Lokala Drift,,,,,,
6128564,933518,,Lohawe Hills,,,,,,
6128565,933518,,Lohawa Hills,,,,,,
518037,933520,,Lobatsi Block,,,,,,
4307077,933520,,Lobatse Block,,,,,,
518038,933521,,Lobatsi,,,,,,
2929477,933521,link,https://en.wikipedia.org/wiki/Lobatse,,,,,,
3038717,933521,ru,Лобаце,,,,,,
4307078,933521,,Lobatse,,,,,,
7485187,933521,iata,LOQ,,,,,,
11475370,933521,el,Λομπάτσε,,,,,,
11475371,933521,fa,لوباتس، بوتسوانا,,,,,,
11475372,933521,ja,ロバツェ,,,,,,
11475373,933521,ko,로바체,,,,,,
11475374,933521,ur,لوباٹسے,,,,,,
11475375,933521,zh,洛巴策,,,,,,
13731589,933521,unlc,BWLOQ,,,,,,
5775952,933523,,Lepokole Hills,,,,,,
5775953,933523,,Lipokolo,,,,,,
6594258,933524,,Linchwe Halt,,,,,,
6594259,933524,,Linchwe,,,,,,
6128566,933528,,Lemonwe Pan,,,,,,
6128567,933528,,Limone Pan,,,,,,
518039,933529,,Lime Pan,,,,,,
4307079,933529,,Limestone Pan,,,,,,
518040,933531,,Lettertree,,,,,,
4307080,933531,,Likolwalo,,,,,,
518041,933534,,Letlaking,,,,,,
4307081,933534,,Letlhakeng,,,,,,
6905956,933534,link,https://en.wikipedia.org/wiki/Letlhakeng,,,,,,
518042,933535,,Letlhakawe,,,,,,
518043,933535,,Lethakane,,,,,,
2929478,933535,link,https://en.wikipedia.org/wiki/Letlhakane,,,,,,
4307082,933535,,Letlhakane,,,,,,
13731588,933535,unlc,BWLET,,,,,,
15495452,933541,wkdt,Q21858654,,,,,,
15958557,933541,,Lenchwe Le Tau,,,,,,
15767911,933543,wkdt,Q21858653,,,,,,
15958558,933543,,Lekoweng Drift,,,,,,
14880279,933544,wkdt,Q21858652,,,,,,
15958559,933544,,Lekobale Flats,,,,,,
2929479,933548,link,https://en.wikipedia.org/wiki/Lehututu,,,,,,
4307083,933548,,Lehututu,,,,,,
5775954,933549,,Lehatse,,,,,,
5775955,933549,,Lehachi,,,,,,
5775956,933549,,Lehatshe,,,,,,
6128568,933555,,Letsheng,,,,,,
6128569,933555,,Lechen,,,,,,
518044,933562,,Kuneneng,,,,,,
2184389,933562,,Kweneng,1,1,,,,
2929480,933562,link,https://en.wikipedia.org/wiki/Kweneng_District,,,,,,
5650046,933562,,Kweneng District,,,,,,
11659551,933562,en,Kweneng District,1,,,,,
11659552,933562,en,Kweneng,,1,,,,
14912664,933562,wkdt,Q57599,,,,,,
518046,933566,,Mayitiya,,,,,,
4307084,933566,,Kwala,,,,,,
4307085,933572,,Kuru,,,,,,
518048,933573,,Kurametse,,,,,,
518049,933573,,Kudumatsi,,,,,,
4307086,933573,,Kurametsi,,,,,,
15904270,933573,wkdt,Q21858639,,,,,,
518050,933574,,Kumsedisha,,,,,,
4307087,933574,,Kumsedisha Pan,,,,,,
6594260,933580,,Kokong Pan,,,,,,
6594261,933580,,Kukong,,,,,,
518051,933582,,Kuke,,,,,,
4307088,933582,,Kuke Pan,,,,,,
518052,933583,,Kuki,,,,,,
4307089,933583,,Kuke,,,,,,
5775957,933588,,Kutswe Pass,,,,,,
5775958,933588,,Kuchwi Pass,,,,,,
15494037,933588,wkdt,Q21858628,,,,,,
6644574,933594,,Kgorotlhwe Pan,,,,,,
6644575,933594,,Korotlo Pan,,,,,,
6644576,933594,,Kgorothlwe Pan,,,,,,
6906503,933595,link,https://en.wikipedia.org/wiki/Kopong,,,,,,
8802810,933595,,Kopong,,,,,,
518053,933596,,Kopong Villages,,,,,,
4307090,933596,,Kopong,,,,,,
13912548,933596,link,https://en.wikipedia.org/wiki/Kopong,,,,,,
518054,933598,,Konkwa Pan,,,,,,
518055,933598,,Konkhwa,,,,,,
4307091,933598,,Konkhwa Pan,,,,,,
518056,933601,,Kome,,,,,,
4307092,933601,,Kome Pan,,,,,,
15786601,933602,wkdt,Q21858616,,,,,,
15958560,933602,,Komane,,,,,,
518057,933603,,Kolokome,,,,,,
4307093,933603,,Kolokome Well,,,,,,
6128570,933605,,Kolobeng Hill,,,,,,
6128571,933605,,Kolobeng Hills,,,,,,
518058,933607,,Kokori Waterhole,,,,,,
4307094,933607,,Kokori,,,,,,
518059,933619,,Kkwebe,,,,,,
4307095,933619,,Kkwebe Hills,,,,,,
518060,933620,,Kewapa,,,,,,
4307096,933620,,Kkhwapa,,,,,,
518061,933626,,Kilemon,,,,,,
4307097,933626,,Kilemon Pan,,,,,,
6960726,933630,en,Khutse,,,,,,
6967978,933630,,Khutswe,,,,,,
2929481,933632,link,https://en.wikipedia.org/wiki/Khuis,,,,,,
4307098,933632,,Khuis,,,,,,
518062,933633,,Kudumalapshwe,,,,,,
4307099,933633,,Khudumelapye,,,,,,
8099737,933633,link,https://en.wikipedia.org/wiki/Khudumelapye,,,,,,
518063,933635,,Khore,,,,,,
4307100,933635,,Khore Pan,,,,,,
518064,933638,,Khomodimo,,,,,,
4307101,933638,,Khomodimo Village,,,,,,
518065,933639,,Khomodimo,,,,,,
4307102,933639,,Khomodimo Pan,,,,,,
518066,933640,,Gomo,,,,,,
4307103,933640,,Khomo,,,,,,
8412525,933640,,Xumo,,,,,,
8412526,933640,,Xhumo,,,,,,
518067,933641,,Konkwe Pan,,,,,,
4307104,933641,,Khokwe Pan,,,,,,
518068,933645,,Khasabake,,,,,,
4307105,933645,,Khasebake,,,,,,
518069,933648,,Khama,,,,,,
4307106,933648,,Khama Khama,,,,,,
6644577,933649,,Khakhea,,,,,,
6644578,933649,,Kakia,,,,,,
14978432,933649,wkdt,Q170954,,,,,,
518070,933654,,Mochudi,,,,,,
518071,933654,,Kgatlen,,,,,,
2184390,933654,,Kgatleng,1,1,,,,
2929482,933654,link,https://en.wikipedia.org/wiki/Kgatleng_District,,,,,,
5650047,933654,,Kgatleng District,,,,,,
11659549,933654,en,Kgatleng,,1,,,,
11659550,933654,en,Kgatleng District,1,,,,,
14912741,933654,wkdt,Q57593,,,,,,
518072,933656,,Khale,,,,,,
518073,933656,,Kgale,,,,,,
4307107,933656,,Kgale Siding,,,,,,
518074,933657,,Kgalazadi,,,,,,
2184392,933657,,Kgalagadi,1,1,,,,
2929483,933657,link,https://en.wikipedia.org/wiki/Kgalagadi_District,,,,,,
5650048,933657,,Kgalagadi District,,,,,,
11659547,933657,en,Kgalagadi District,1,,,,,
11659548,933657,en,Kgalagadi,,1,,,,
14915991,933657,wkdt,Q57581,,,,,,
518075,933658,,Kedia,,,,,,
4307108,933658,,Kedia Hill,,,,,,
518077,933660,,Gazuma Pan,,,,,,
518078,933660,,Khazuma Pan,,,,,,
4307109,933660,,Kazuma Pan,,,,,,
518080,933661,,Kaizuma Depression,,,,,,
518081,933661,,Khazuma Depression,,,,,,
4307110,933661,,Kazuma Depression,,,,,,
2929484,933662,link,https://en.wikipedia.org/wiki/Kavimba,,,,,,
4307111,933662,,Kavimba,,,,,,
518082,933664,,Kau,,,,,,
4307112,933664,,Kau Pan,,,,,,
518083,933668,,Kauklakla,,,,,,
4307113,933668,,Kauklakla Pan,,,,,,
2929485,933677,link,https://en.wikipedia.org/wiki/Kasane,,,,,,
4307114,933677,,Kasane,,,,,,
7482651,933677,iata,BBK,,,,,,
11630178,933677,fa,کاسان، بوتسوانا,,,,,,
11630179,933677,ja,カサネ,,,,,,
11630180,933677,ko,카사네,,,,,,
11630181,933677,uk,Касане,,,,,,
11630182,933677,ru,Касане,,,,,,
11630183,933677,zh,卡薩內,,,,,,
13731580,933677,unlc,BWBBK,,,,,,
15744446,933677,wkdt,Q170715,,,,,,
518086,933680,,Kar,,,,,,
4307115,933680,,Kar Pan,,,,,,
518087,933681,,Karamechen Stad,,,,,,
4307116,933681,,Karamechen,,,,,,
518088,933682,,Karakuru,,,,,,
4307117,933682,,Karakuru Pan,,,,,,
1612175,933685,de,Kanye,,,,,,
1612176,933685,ro,Kanye,,,,,,
1925040,933685,pl,Kanye,,,,,,
1925041,933685,en,Kanye,,,,,,
1925042,933685,sv,Kanye,,,,,,
2929486,933685,link,https://en.wikipedia.org/wiki/Kanye%2C_Botswana,,,,,,
4307118,933685,,Kanye,,,,,,
9344310,933685,be,Горад Кане,,,,,,
9344311,933685,el,Κάνιε,,,,,,
9344312,933685,fa,کانیه، بوتسوانا,,,,,,
9344313,933685,ja,カニエ,,,,,,
9344314,933685,ko,카니에,,,,,,
9344315,933685,lt,Kanjė,,,,,,
9344316,933685,mk,Кање,,,,,,
9344317,933685,uk,Каньє,,,,,,
9344318,933685,ru,Канье,,,,,,
9344319,933685,zh,卡內,,,,,,
11373630,933685,he,קניה,,,,,,
518089,933686,,Kwakadani Pan,,,,,,
4307119,933686,,Kankwi Pan,,,,,,
518090,933688,,Kani,,,,,,
4307120,933688,,Kani Pan,,,,,,
518091,933689,,Kangyane,,,,,,
4307121,933689,,Kangyane Pan,,,,,,
6594262,933690,,Kanguma,,,,,,
6594263,933690,,Kangoma,,,,,,
7154111,933692,link,https://en.wikipedia.org/wiki/Kang%2C_Botswana,,,,,,
518092,933693,,Kang Pan,,,,,,
4307122,933693,,Kang,,,,,,
8072543,933693,link,https://en.wikipedia.org/wiki/Kang_the_Conqueror,,,,,,
8102654,933696,link,https://en.wikipedia.org/wiki/Kalamare,,,,,,
8108669,933696,,Kalamare,,,,,,
5491298,933698,,Kalakamati,,,,,,
5491299,933698,,Kalakamate,,,,,,
518093,933699,es,Desierto del Kalahari,,,,,,
518094,933699,,Kalahari,,,,,,
518095,933699,,Kalahari-Woestyn,,,,,,
518096,933700,,Kakwi,,,,,,
4307123,933700,,Kakwi Hill,,,,,,
5775959,933704,,Kgagodi,,,,,,
5775960,933704,,Kakhoudi,,,,,,
2929487,933711,link,https://en.wikipedia.org/wiki/Kachikau,,,,,,
4307124,933711,,Kachikau,,,,,,
4307125,933714,,Jwaneng Mine,,,,,,
14858030,933714,wkdt,Q21858555,,,,,,
518098,933716,,Jelley’s Pan,,,,,,
4307126,933716,,Jolleys Pan,,,,,,
518099,933718,,Vilnoa,,,,,,
4307127,933718,,Jilnoa,,,,,,
15898223,933719,wkdt,Q21858552,,,,,,
15958561,933719,,Janeng,,,,,,
518100,933725,,Hunghukwe,,,,,,
4307128,933725,,Hunghukwe Pan,,,,,,
2929489,933726,link,https://en.wikipedia.org/wiki/Hukuntsi,,,,,,
4307129,933726,,Hukuntsi,,,,,,
7481502,933726,iata,HUK,,,,,,
13731585,933726,unlc,BWHUK,,,,,,
14862069,933726,wkdt,Q170642,,,,,,
518101,933728,,Hildavale Siding,,,,,,
4307130,933728,,Hildavale,,,,,,
518102,933729,,Hendrick’s Pan,,,,,,
4307131,933729,,Hendricks Vlei,,,,,,
518103,933731,,Haina,,,,,,
4307132,933731,,Haina Hill,,,,,,
5491300,933732,,Habangan,,,,,,
5491301,933732,,Habangana,,,,,,
5491302,933732,,Mapoka,,,,,,
7074523,933734,link,https://en.wikipedia.org/wiki/Gweta,,,,,,
7112082,933734,,Gweta,,,,,,
518104,933738,,Gunshi,,,,,,
4307133,933738,,Gunshi Pan,,,,,,
518105,933739,,Gumptsu,,,,,,
4307134,933739,,Gumtsu Pan,,,,,,
518106,933743,,Gubatsa,,,,,,
4307135,933743,,Gubatsa Pan,,,,,,
15866007,933744,wkdt,Q21858536,,,,,,
15958562,933744,,Gruyere Plain,,,,,,
518107,933745,,Grozas Spring,,,,,,
4307136,933745,,Grozas,,,,,,
518108,933753,,Kobojango,,,,,,
518109,933753,,Gubujango,,,,,,
518110,933753,,Kobajango,,,,,,
4307137,933753,,Gobojango,,,,,,
2929490,933754,link,https://en.wikipedia.org/wiki/Goa%2C_Botswana,,,,,,
4307138,933754,,Goa,,,,,,
518111,933755,,Gnu Spring,,,,,,
4307139,933755,,Gnu,,,,,,
518112,933757,,Ghanziesland,,,,,,
518113,933757,,Khanzi,,,,,,
518114,933757,,Ghansiland,,,,,,
518115,933757,,Ghansi,,,,,,
4307140,933757,,Ghanziland,,,,,,
518116,933758,,Khanzi,,,,,,
2184394,933758,,Ghanzi,1,1,,,,
2929491,933758,link,https://en.wikipedia.org/wiki/Ghanzi_District,,,,,,
5650049,933758,,Ghanzi District,,,,,,
11659545,933758,en,Ghanzi District,1,,,,,
11659546,933758,en,Ghanzi,,1,,,,
14882912,933758,wkdt,Q57571,,,,,,
518117,933759,,Khanzi,,,,,,
1926336,933759,en,Ghanzi,,,,,,
1926337,933759,sv,Ghanzi,,,,,,
2929492,933759,link,https://en.wikipedia.org/wiki/Ghanzi,,,,,,
4307141,933759,,Ghanzi,,,,,,
7485604,933759,iata,GNZ,,,,,,
11660468,933759,zh,杭濟,,,,,,
11660469,933759,uk,Ганзі,,,,,,
11660470,933759,ru,Ганзи,,,,,,
11660471,933759,ja,ハンツィ,,,,,,
11660472,933759,he,גנזי,,,,,,
11660473,933759,ko,간지,,,,,,
11660474,933759,fa,گهانزی، بوتسوانا,,,,,,
11660475,933759,el,Γκάνζι,,,,,,
13731584,933759,unlc,BWGNZ,,,,,,
14984193,933759,wkdt,Q859319,,,,,,
14935647,933760,wkdt,Q21858525,,,,,,
15958563,933760,,Geune Kan Island,,,,,,
518118,933761,,Geruf,,,,,,
4307142,933761,,Gerufa,,,,,,
518119,933762,,George Vley,,,,,,
4307143,933762,,George Vlei,,,,,,
15313875,933764,wkdt,Q21858523,,,,,,
15958564,933764,,Gechia Island,,,,,,
518120,933772,,Gaberones Block,,,,,,
4307144,933772,,Gaborone Block,,,,,,
518121,933773,,Gaberones,,,,,,
518122,933773,,Gaberones Village,,,,,,
1595417,933773,de,Gaborone,,,,,,
1595418,933773,en,Gaborone,,,,,,
1595419,933773,es,Gaborone,,,,,,
1595420,933773,da,Gaborone,,,,,,
1595421,933773,eo,Gaberono,,,,,,
1595422,933773,fi,Gaborone,,,,,,
1595423,933773,fr,Gaborone,,,,,,
1595424,933773,he,גאבורון,,,,,,
1595425,933773,id,Gaborone,,,,,,
1595426,933773,io,Gaborone,,,,,,
1595427,933773,it,Gaborone,,,,,,
1595428,933773,ja,ハボローネ,,,,,,
1595429,933773,ko,가보로네,,,,,,
1595430,933773,nl,Gaborone,,,,,,
1595431,933773,nn,Gaborone,,,,,,
1595432,933773,no,Gaborone,,,,,,
1595433,933773,pl,Gaborone,,,,,,
1595434,933773,pt,Gaborone,,,,,,
1595435,933773,ro,Gaborone,,,,,,
1595436,933773,sk,Gaborone,,,,,,
1595437,933773,sr,Габороне,,,,,,
1595438,933773,sv,Gaborone,,,,,,
1595439,933773,tn,Gaborone,,,,,,
1595440,933773,zh-CN,嘉柏隆里,,,,,,
1622207,933773,ru,Габороне,,,,,,
1634315,933773,ga,Gaborone,,,,,,
1634316,933773,mk,Габороне,,,,,,
1634317,933773,sw,Gaborone,,,,,,
1649575,933773,el,Γκαμπορόνε,,,,,,
1898180,933773,am,ጋቦሮን,,,,,,
1898181,933773,ur,گبرون,,,,,,
1983743,933773,am,ጋበሮኔ,,,,,,
1983744,933773,fa,گابورون,,,,,,
1983745,933773,frp,Gaborone,,,,,,
1983746,933773,lt,Gaboronas,,,,,,
1983747,933773,tr,Gaborone,,,,,,
2929493,933773,link,https://en.wikipedia.org/wiki/Gaborone,,,,,,
3049997,933773,link,https://ru.wikipedia.org/wiki/%D0%93%D0%B0%D0%B1%D0%BE%D1%80%D0%BE%D0%BD%D0%B5,,,,,,
7483594,933773,iata,GBE,,,,,,
8196406,933773,az,Qaborone,,,,,,
8196407,933773,zu,IGaborone,,,,,,
8196408,933773,ckb,گابۆرۆن,,,,,,
8196409,933773,pnb,گابورون,,,,,,
8196410,933773,th,กาโบโรเน,,,,,,
8196411,933773,ta,காபரோனி,,,,,,
8196412,933773,ky,Габороне,,,,,,
8196413,933773,is,Gaboróne,,,,,,
8196414,933773,mr,गॅबारोनी,,,,,,
8196415,933773,bg,Габороне,,,,,,
8196416,933773,ka,გაბორონე,,,,,,
8196417,933773,udm,Габороне,,,,,,
8196418,933773,uk,Габороне,,,,,,
8196419,933773,hy,Գաբորոնե,,,,,,
8196420,933773,ht,Gaboròn,,,,,,
8196421,933773,bo,ག་བོ་རོ་ནི།,,,,,,
8196422,933773,arz,جابورون,,,,,,
8196423,933773,tg,Габороне,,,,,,
8196424,933773,ar,جابورون,,,,,,
8196425,933773,be,Горад Габаронэ,,,,,,
8196426,933773,hi,गोबोर्नी,,,,,,
8196427,933773,pa,ਗਾਬੋਰੋਨੀ,,,,,,
8196428,933773,zh,嘉柏隆里,,,,,,
8699978,933773,ce,Габороне,,,,,,
8699979,933773,yi,גאבאראן,,,,,,
8699980,933773,yue,嘉波隆里,,,,,,
13731583,933773,unlc,BWGBE,,,,,,
15775938,933773,wkdt,Q3919,,,,,,
13731582,933774,unlc,BWGAB,,,,,,
13826833,933774,,Gaberones Camp,,,,,,
518123,933776,,Gabasari Eiland,,,,,,
4307145,933776,,Gabasari Island,,,,,,
15383872,933776,wkdt,Q21858515,,,,,,
518124,933777,,Khabane,,,,,,
4307146,933777,,Gabane,,,,,,
7144808,933777,link,https://en.wikipedia.org/wiki/Gabane,,,,,,
15403610,933777,wkdt,Q38855,,,,,,
1608868,933778,de,Francistown,,,,,,
1608869,933778,en,Francistown,,,,,,
1608870,933778,fi,Francistown,,,,,,
1608871,933778,nl,Francistown,,,,,,
1608872,933778,ro,Francistown,,,,,,
1608873,933778,sv,Francistown,,,,,,
1921020,933778,pl,Francistown,,,,,,
1921021,933778,et,Francistown,,,,,,
1921022,933778,it,Francistown,,,,,,
2929494,933778,link,https://en.wikipedia.org/wiki/Francistown,,,,,,
3038718,933778,ru,Франсистаун,,,,,,
4307147,933778,,Francistown,,,,,,
7483328,933778,iata,FRW,,,,,,
8306259,933778,fa,فرانسیستوون، بوتسوانا,,,,,,
8306260,933778,ko,프랜시스타운,,,,,,
8306261,933778,ja,フランシスタウン,,,,,,
8306262,933778,th,แฟรนซิสทาวน์,,,,,,
8306263,933778,el,Φράνσισταουν,,,,,,
8306264,933778,be,Горад Франсістаўн,,,,,,
8306265,933778,lt,Frensistaunas,,,,,,
8306266,933778,bg,Франсистаун,,,,,,
8306267,933778,zh,弗朗西斯敦,,,,,,
8709652,933778,az,Frensistaun,,,,,,
11337392,933778,he,פרנסיסטאון,,,,,,
11337393,933778,uk,Франсистаун,,,,,,
11337394,933778,ur,فرانسس ٹاؤن,,,,,,
11337395,933778,vep,Fransistaun,,,,,,
13731581,933778,unlc,BWFRW,,,,,,
15866516,933778,wkdt,Q165422,,,,,,
518125,933779,,Foley Siding,,,,,,
4307148,933779,,Foley,,,,,,
518126,933782,,Elephant Vley,,,,,,
4307149,933782,,Elephant Vlei,,,,,,
6644580,933783,,Elebe Hill,,,,,,
6644581,933783,,Elebe,,,,,,
518128,933784,,Sibanene,,,,,,
518129,933784,,Sibanini Pan,,,,,,
518130,933784,,Sibanene Pan,,,,,,
518131,933784,,Sibaninni Pan,,,,,,
4307150,933784,,Dzivanini Pan,,,,,,
518132,933785,,Dzivanini,,,,,,
518133,933785,,Sibaninni,,,,,,
518134,933785,,Sibanane River,,,,,,
518135,933785,,Sibanini,,,,,,
518136,933785,,Sibanene River,,,,,,
518137,933787,,Luzwe,,,,,,
4307151,933787,,Dutlwe,,,,,,
6902709,933787,link,https://en.wikipedia.org/wiki/Dutlwe,,,,,,
518138,933788,,Dunkaka,,,,,,
4307152,933788,,Dunkaka Pan,,,,,,
518139,933790,,Dukwe Quarantine Camp,,,,,,
4307153,933790,,Dukwe,,,,,,
15787451,933790,wkdt,Q21858508,,,,,,
4307154,933793,,Dotama Pan,,,,,,
518142,933794,,Domtchetchu Pan,,,,,,
518143,933794,,Tamasetje Pan,,,,,,
518144,933794,,Tamasetje,,,,,,
4307155,933794,,Domtshetshu Pan,,,,,,
518145,933800,,Palla Road,,,,,,
518146,933800,,Palla Road Siding,,,,,,
4307156,933800,,Dinokwe,,,,,,
6594264,933800,,Dinokwe Siding,,,,,,
518147,933802,,Rempo,,,,,,
4307157,933802,,Dimpo Pan,,,,,,
5775961,933804,,Dilolwane Hill,,,,,,
5775962,933804,,Dilichwane Kop,,,,,,
518148,933807,,Dikgokong,,,,,,
518149,933807,,Wildebeeste Kop,,,,,,
518150,933807,,Wildebeest Kop,,,,,,
518151,933807,,Dikgokong Hill,,,,,,
4307158,933807,,Wildebeeskop,,,,,,
518152,933808,,Dikabia,,,,,,
4307159,933808,,Dikabia Spruit,,,,,,
6128572,933808,,Dikabeya,,,,,,
518153,933809,,Dikabi Siding,,,,,,
4307160,933809,,Dikabi,,,,,,
5827043,933809,,Dikabeya Siding,,,,,,
518154,933810,,Dichaobe Ramokwena,,,,,,
518155,933810,,Ramokwena’s,,,,,,
4307161,933810,,Dichaobe Ramokwenas,,,,,,
6644582,933811,,Dibete Kop,,,,,,
6644583,933811,,Dibiti Kop,,,,,,
518156,933812,,Debeeti,,,,,,
518157,933812,,Debeete,,,,,,
4307162,933812,,Dibete,,,,,,
6594265,933812,,Dibete Station,,,,,,
14989816,933812,wkdt,Q72037,,,,,,
2929495,933815,link,https://en.wikipedia.org/wiki/Dekar,,,,,,
4307163,933815,,Dekar,,,,,,
518158,933816,,Deka,,,,,,
518159,933819,,Damara,,,,,,
4307164,933819,,Damara Pan,,,,,,
518160,933822,,Sibuju Pan,,,,,,
518161,933822,,Sibuyu Pan,,,,,,
4307165,933822,,Cream of Tartar Pan,,,,,,
6644584,933823,,Tswete Hill,,,,,,
6644585,933823,,Chwete Kop,,,,,,
6644586,933832,,Chiwelo,,,,,,
6644587,933832,,Chuela,,,,,,
518163,933833,,Chuchwa,,,,,,
4307167,933833,,Chuehwa Pan,,,,,,
518164,933838,,Chokana,,,,,,
518165,933838,,Chokana Spruit,,,,,,
4307168,933838,,Chokana River,,,,,,
6128573,933838,,Tshokana,,,,,,
2416962,933839,fr,Parc National de Chobe,1,,,,,
2929496,933839,link,https://en.wikipedia.org/wiki/Chobe_National_Park,,,,,,
4307169,933839,,Chobe National Park,,,,,,
13595957,933840,link,https://en.wikipedia.org/wiki/Chobe_District,,,,,,
13595959,933840,,Chobe,,1,,,,
518167,933851,,Ngwato,,,,,,
518168,933851,,Ngwati District,,,,,,
2184396,933851,,Central,1,1,,,,
2929497,933851,link,https://en.wikipedia.org/wiki/Central_District_%28Botswana%29,,,,,,
5650050,933851,,Central District,,,,,,
11659543,933851,en,Central District,1,,,,,
11659544,933851,en,Central,,1,,,,
14910203,933851,wkdt,Q57525,,,,,,
518169,933855,,Buitsiuang,,,,,,
4307170,933855,,Buitsivango,,,,,,
518171,933856,,Buffels Drift,,,,,,
4307171,933856,,Buffelsdrif,,,,,,
518173,933857,,Breslau Drift,,,,,,
4307172,933857,,Breslaudrif,,,,,,
518174,933860,,Betsjoeanaland,,,,,,
518176,933860,,Betsjoeanaland Protektoraat,,,,,,
518177,933860,,British Protectorate of Bechuanaland,,,,,,
518178,933860,,Britse Protektoraat van Betsjoeanaland,,,,,,
518179,933860,,Northern Bechuanaland,,,,,,
518180,933860,,Bechuanaland Protectorate,,,,,,
518181,933860,,Betschuanaland Protektorat,,,,,,
1558842,933860,am,ቦትስዋና,,,,,,
1558843,933860,ar,بوتسوانا,,,,,,
1558844,933860,bg,Ботсуана,,,,,,
1558845,933860,ca,Botswana,1,,,,,
1558846,933860,cs,Botswana,,,,,,
1558847,933860,cy,Botswana,,,,,,
1558848,933860,da,Botswana,,,,,,
1558849,933860,de,Botsuana,,,,,,
1558850,933860,el,Μποτσουάνα,,,,,,
1558851,933860,en,Botswana,,,,,,
1558852,933860,eo,Bocvano,,,,,,
1558853,933860,es,Botsuana,1,1,,,,
1558854,933860,et,Botswana,,,,,,
1558855,933860,fa,بوتسوانا,,,,,,
1558856,933860,fi,Botswana,,,,,,
1558857,933860,fo,Botsvana,,,,,,
1558858,933860,fr,Botswana,,,,,,
1558859,933860,ga,An Bhotsuáin,,,,,,
1558860,933860,he,בוטסוואנה,1,,,,,
1558861,933860,hi,बोत्स्वाना,,,,,,
1558862,933860,hr,Bocvana,,,,,,
1558863,933860,hu,Botswana,,,,,,
1558864,933860,hy,Բոտսվանա,,,,,,
1558865,933860,id,Botswana,,,,,,
1558866,933860,is,Botsvana,,,,,,
1558867,933860,it,Botswana,,,,,,
1558868,933860,ja,ボツワナ,,,,,,
1558869,933860,ka,ბოტსვანა,,,,,,
1558870,933860,km,បុតស្វាណា,,,,,,
1558871,933860,ko,보츠와나,,,,,,
1558872,933860,lo,ບອັດສະວານາ,,,,,,
1558873,933860,lt,Botsvana,,,,,,
1558874,933860,lv,Botsvāna,,,,,,
1558875,933860,mk,Боцвана,,,,,,
1558876,933860,ms,Botswana,,,,,,
1558877,933860,mt,Botswana,,,,,,
1558878,933860,nb,Botswana,,,,,,
1558879,933860,nl,Botswana,,,,,,
1558880,933860,nn,Botswana,,,,,,
1558881,933860,pl,Botswana,,,,,,
1558882,933860,pt,Botsuana,,,,,,
1558883,933860,ro,Botswana,,,,,,
1558884,933860,ru,Ботсвана,,,,,,
1558885,933860,sk,Botswana,,,,,,
1558886,933860,sl,Bocvana,,,,,,
1558887,933860,sq,Botsvana,,,,,,
1558888,933860,sr,Боцвана,,,,,,
1558889,933860,sv,Botswana,,,,,,
1558890,933860,ta,போட்ஸ்வானா,,,,,,
1558891,933860,th,บอตสวานา,,,,,,
1558892,933860,tr,Botsvana,,,,,,
1558893,933860,uk,Ботсвана,,,,,,
1558894,933860,vi,Bốt-xoa-na,,,,,,
1558895,933860,zh,博茨瓦纳,,,,,,
1627123,933860,ca,República de Botswana,,,,,,
1976636,933860,af,Botswana,,,,,,
1976637,933860,an,Botsuana,,,,,,
1976638,933860,ang,Botsƿana,,,,,,
1976639,933860,ar,بتسوانا,,,,,,
1976640,933860,ast,Botsuana,,,,,,
1976641,933860,bg,Ботсвана,,,,,,
1976642,933860,bn,বতসোয়ানা,,,,,,
1976643,933860,bs,Bocvana,,,,,,
1976644,933860,cv,Ботсвана,,,,,,
1976645,933860,eu,Botswana,,,,,,
1976646,933860,frp,Botsouana,,,,,,
1976647,933860,gl,República de Botsuana,,,,,,
1976648,933860,he,בוטסואנה,,,,,,
1976649,933860,hi,बोत्सवाना,,,,,,
1976650,933860,ht,Botswana,,,,,,
1976651,933860,ia,Botswana,,,,,,
1976652,933860,ilo,Botswana,,,,,,
1976653,933860,io,Botswana,,,,,,
1976654,933860,ks,बोत्सवाना,,,,,,
1976655,933860,ku,Botswana,,,,,,
1976656,933860,kw,Botswana,,,,,,
1976657,933860,la,Botsuana,,,,,,
1976658,933860,ml,ബോട്സ്വാന,,,,,,
1976659,933860,na,Botwana,,,,,,
1976660,933860,nds,Botswana,,,,,,
1976661,933860,no,Botswana,,,,,,
1976662,933860,oc,Botswana,,,,,,
1976663,933860,pam,Botswana,,,,,,
1976664,933860,ps,بوتسوانا,,,,,,
1976665,933860,pt,Botswana,,,,,,
1976666,933860,sa,बोत्सवाना,,,,,,
1976667,933860,hbs,Bocvana,,,,,,
1976668,933860,sq,Bocuana,,,,,,
1976669,933860,sw,Botswana,,,,,,
1976670,933860,tg,Ботсвана,,,,,,
1976671,933860,th,ประเทศบอตสวานา,,,,,,
1976672,933860,tl,Botswana,,,,,,
1976673,933860,tn,Botswana,,,,,,
1976674,933860,tr,Botsvana Cumhuriyeti,,,,,,
1976675,933860,ug,بوتسۋانا,,,,,,
1976676,933860,vi,Botswana,,,,,,
1976677,933860,vo,Zvanän,,,,,,
1976678,933860,zh,波札那,,,,,,
1976679,933860,zu,IButswana,,,,,,
2089453,933860,gl,Botsuana,,,,,,
2420041,933860,be,Батсвана,1,,,,,
2420042,933860,bn,বোত্‍সওয়ানা,1,,,,,
2420043,933860,bo,བོཙ་ཝ་ན།,1,,,,,
2420044,933860,gl,Botswana,1,,,,,
2420045,933860,ja,ボツワナ共和国,1,,,,,
2420046,933860,ln,Botswana,1,,,,,
2420047,933860,se,Botswana,1,,,,,
2420048,933860,tr,Botswana,1,,,,,
2420049,933860,ur,بوتسوانا,1,,,,,
2420050,933860,vi,Bốt-xoa-na (Botswana),1,,,,,
2929498,933860,link,https://en.wikipedia.org/wiki/Botswana,,,,,,
3049998,933860,link,https://ru.wikipedia.org/wiki/%D0%91%D0%BE%D1%82%D1%81%D0%B2%D0%B0%D0%BD%D0%B0,,,,,,
4307173,933860,,Republic of Botswana,,,,,,
7085551,933860,ak,Bɔtswana,1,,,,,
7085552,933860,az,Botsvana,1,,,,,
7085553,933860,bm,Bɔtisiwana,1,,,,,
7085554,933860,br,Botswana,1,,,,,
7085555,933860,ee,Botswana nutome,1,,,,,
7085556,933860,ff,Botswaana,1,,,,,
7085557,933860,gu,બોત્સ્વાના,1,,,,,
7085558,933860,ha,Baswana,1,,,,,
7085559,933860,ki,Botswana,1,,,,,
7085560,933860,kk,Ботсвана,1,,,,,
7085561,933860,kl,Botswana,1,,,,,
7085562,933860,kn,ಬೋಟ್ಸ್‌ವಾನಾ,1,,,,,
7085563,933860,ku,بۆتسوانا,1,,,,,
7085564,933860,lg,Botiswana,1,,,,,
7085565,933860,lu,Mbotswana,1,,,,,
7085566,933860,mg,Botsoana,1,,,,,
7085567,933860,mr,बोट्सवाना,1,,,,,
7085568,933860,my,ဘော့စ်ဝါနာ,1,,,,,
7085569,933860,nd,Botswana,1,,,,,
7085570,933860,ne,बोट्स्वाना,1,,,,,
7085571,933860,or,ବୋଟସ୍ବାନ୍,1,,,,,
7085572,933860,rm,Botswana,1,,,,,
7085573,933860,rn,Botswana,1,,,,,
7085574,933860,sg,Botswana,1,,,,,
7085575,933860,si,බොස්ට්වානා,1,,,,,
7085576,933860,sn,Botswana,1,,,,,
7085577,933860,so,Botuswaana,1,,,,,
7085578,933860,te,బోట్స్వానా,1,,,,,
7085579,933860,ti,ቦትስዋና,1,,,,,
7085580,933860,to,Potisiuana,1,,,,,
7085581,933860,yo,Orílẹ́ède Bọ̀tìsúwánà,1,,,,,
7085582,933860,zu,i-Botswana,1,,,,,
8046180,933860,,Botswana,,,,,,
8605999,933860,de,Botswana,1,,,,,
10131988,933860,link,http://id.loc.gov/authorities/names/n79079238,,,,,,
6644588,933862,,Botlhapatlou,,,,,,
6644589,933862,,Botlapatla,,,,,,
7151018,933862,link,https://en.wikipedia.org/wiki/Botlhapatlou,,,,,,
518182,933864,,River Daukha,,,,,,
518183,933864,,Daukha River,,,,,,
518184,933864,,Botletle River,,,,,,
4307174,933864,,Boteti,,,,,,
518185,933865,,Bosoli Siding,,,,,,
4307175,933865,,Bosoli,,,,,,
6714039,933865,,Bisoli Siding,,,,,,
14850982,933868,wkdt,Q21858463,,,,,,
15958565,933868,,Borokwe Island,,,,,,
518186,933871,,Boribi Vley,,,,,,
4307176,933871,,Boribi Vlei,,,,,,
518187,933872,,Borakalalo Camp,,,,,,
4307177,933872,,Borakalalop Camp,,,,,,
518188,933873,,Bonapitse River,,,,,,
518189,933873,,Bonapitsi,,,,,,
4307178,933873,,Bonwapitse,,,,,,
518190,933874,,Bonapitsi,,,,,,
518191,933874,,Bonapitse Siding,,,,,,
518192,933874,,Bonapitse,,,,,,
4307179,933874,,Bonwapitse,,,,,,
6594266,933874,,Bonwapitse Siding,,,,,,
518193,933875,,Bonapitse,,,,,,
518194,933875,,Bonapitsi Stadt,,,,,,
518195,933875,,Bonapitse Stadt,,,,,,
4307180,933875,,Bonwapitse,,,,,,
6644590,933875,,Bownapitse,,,,,,
7070907,933875,link,https://en.wikipedia.org/wiki/Bonwapitse,,,,,,
15550846,933879,wkdt,Q21858456,,,,,,
15958566,933879,,Bokwi Island,,,,,,
2929499,933880,link,https://en.wikipedia.org/wiki/Bokspits,,,,,,
4307181,933880,,Bokspits,,,,,,
7136220,933881,link,https://en.wikipedia.org/wiki/Bokaa,,,,,,
7323553,933881,,Bokaa,,,,,,
518196,933885,,Bahonong,,,,,,
2929500,933885,link,https://en.wikipedia.org/wiki/Bobonong,,,,,,
4307182,933885,,Bobonong,,,,,,
11590733,933885,fa,بوبونونگ، بوتسوانا,,,,,,
11590734,933885,ru,Бобононг,,,,,,
11590735,933885,zh,博博農,,,,,,
15221823,933885,wkdt,Q165988,,,,,,
7173682,933887,link,https://en.wikipedia.org/wiki/Boatlaname,,,,,,
7323554,933887,,Boatlaname,,,,,,
518197,933893,,Bathoen Siding,,,,,,
4307183,933893,,Bathoen,,,,,,
518198,933894,,Baralong Farms,,,,,,
518199,933894,,Barolong Farms Native Reserve,,,,,,
518200,933894,,Baralong District,,,,,,
518201,933894,,Baralong,,,,,,
4307184,933894,,Barolong Farms,,,,,,
6594267,933902,,Raphiri,,,,,,
6594268,933902,,Aphiri,,,,,,
518202,933904,,Aha,,,,,,
4307185,933904,,Mount Aha,,,,,,
518203,933905,,Adjutant Vley,,,,,,
4307186,933905,,Adjutant Vlei,,,,,,
523517,963312,,Ramatlabama,,,,,,
523518,963312,,Ramathlabama,,,,,,
523519,963312,,Ramatlhabamaspruit,,,,,,
523520,963312,,Ramathlabama Spruit,,,,,,
6128962,963312,,Ramatlabama Spruit,,,,,,
12189910,1106213,link,https://it.wikipedia.org/wiki/Mmopane_Lands,,,,,,
12189911,1106213,,Mmopane Lands,,,,,,
12207080,1106213,,Mmopone,,,,,,
8672368,1106214,link,https://en.wikipedia.org/wiki/Dumadumana,,,,,,
8721019,1106214,,Dumadumana,,,,,,
2930159,1106227,link,https://en.wikipedia.org/wiki/Botswana_National_Stadium,,,,,,
4952426,1106227,,National Stadium,,,,,,
5896738,1106230,link,https://en.wikipedia.org/wiki/University_of_Botswana,,,,,,
5904614,1106230,ja,ボツワナ大学,,,,,,
5904615,1106230,pt,Universidade do Botswana,,,,,,
5904616,1106230,pl,Uniwersytet Botswany,,,,,,
6249444,1106230,,University of Botswana,,,,,,
550922,1106235,,Gaborone Industrial Site,,,,,,
4952432,1106235,,Madirelo,,,,,,
7229016,1106249,,Madibeng,,,,,,
7155177,1106251,link,https://en.wikipedia.org/wiki/Naledi_Local_Municipality%2C_North_West,,,,,,
7229017,1106251,,Naledi,,,,,,
11853278,1106251,,Old Naledi,,,,,,
1883560,6296943,icao,FBFT,,,,,,
1888559,6296943,iata,FRW,,,,,,
3032371,6296943,link,https://en.wikipedia.org/wiki/Francistown_Airport,,,,,,
5892336,6296943,,Francistown,,,,,,
5892337,6296943,,Francistown Airport,1,,,,,
5893294,6296943,pl,Port lotniczy Francistown,,,,,,
15732943,6296943,wkdt,Q1657700,,,,,,
1883561,6296944,icao,FBGZ,,,,,,
1888560,6296944,iata,GNZ,,,,,,
7521563,6296944,link,https://en.wikipedia.org/wiki/Ghanzi_Airport,,,,,,
11660458,6296944,en,Ghanzi Airport,,,,,,
11660459,6296944,fr,Aéroport de Ghanzi,,,,,,
11660460,6296944,es,Aeropuerto de Ghanzi,,,,,,
11660461,6296944,de,Flughafen Ghanzi,,,,,,
11660467,6296944,ja,ハンツィ空港,,,,,,
1883562,6296945,icao,FBJW,,,,,,
1888561,6296945,iata,JWA,,,,,,
5763028,6296945,link,https://en.wikipedia.org/wiki/Jwaneng_Airport,,,,,,
5891529,6296945,fr,Aéroport de Jwaneng,,,,,,
5891530,6296945,en,Jwaneng Airport,,,,,,
1883563,6296946,icao,FBKE,,,,,,
1888562,6296946,iata,BBK,,,,,,
3032372,6296946,link,https://en.wikipedia.org/wiki/Kasane_Airport,,,,,,
5891650,6296946,,Kasane,,,,,,
5891651,6296946,,Kasane Airport,1,,,,,
5893356,6296946,de,Flughafen Kasane,,,,,,
5893357,6296946,vi,Sân bay Kasane,,,,,,
5893358,6296946,pl,Port lotniczy Kasane,,,,,,
1883564,6296947,icao,FBLT,,,,,,
1883565,6296948,icao,FBMN,,,,,,
1888563,6296948,iata,MUB,,,,,,
3032373,6296948,link,https://en.wikipedia.org/wiki/Maun_Airport,,,,,,
5891652,6296948,,Maun,,,,,,
5891653,6296948,,Maun Airport,1,,,,,
5893270,6296948,de,Flughafen Maun,,,,,,
5893271,6296948,pl,Port lotniczy Maun,,,,,,
14950553,6296948,wkdt,Q121760,,,,,,
1883566,6296949,icao,FBSK,,,,,,
1888564,6296949,iata,GBE,,,,,,
5805361,6296949,link,https://en.wikipedia.org/wiki/Sir_Seretse_Khama_International_Airport,,,,,,
1883567,6296950,icao,FBSN,,,,,,
1888565,6296950,iata,SXN,,,,,,
5762320,6296950,link,https://en.wikipedia.org/wiki/Sua_Pan_Airport,,,,,,
5891852,6296950,,Sua-Pan,,,,,,
5891853,6296950,,Sua Pan Airport,1,,,,,
5893359,6296950,pl,Port lotniczy Sua Pan,,,,,,
13731601,6296950,unlc,BWSXN,,,,,,
15586205,6296950,wkdt,Q7630421,,,,,,
1883568,6296951,icao,FBSP,,,,,,
1888566,6296951,iata,PKW,,,,,,
5761948,6296951,link,https://en.wikipedia.org/wiki/Selebi-Phikwe_Airport,,,,,,
1883569,6296952,icao,FBSW,,,,,,
1888567,6296952,iata,SWX,,,,,,
5762000,6296952,link,https://en.wikipedia.org/wiki/Shakawe_Airport,,,,,,
8289281,6296952,en,Shakawe Airport,,,,,,
1883570,6296953,icao,FBTE,,,,,,
8237033,6296953,link,https://en.wikipedia.org/wiki/Tshane_Airport,,,,,,
15628971,6296953,wkdt,Q1657588,,,,,,
1883571,6296954,icao,FBTS,,,,,,
1888568,6296954,iata,TBY,,,,,,
8151660,6296954,link,https://en.wikipedia.org/wiki/Tshabong_Airport,,,,,,
8160156,6296954,en,Tshabong Airport,,,,,,
15796956,6296954,wkdt,Q1657563,,,,,,
3057616,6690235,link,https://ru.wikipedia.org/wiki/%D0%94%D0%B5%D0%BB%D1%8C%D1%82%D0%B0_%D0%9E%D0%BA%D0%B0%D0%B2%D0%B0%D0%BD%D0%B3%D0%BE,,,,,,
15327290,7543367,wkdt,Q21861051,,,,,,
16052877,7543367,,Nyangane Mine,,,,,,
14861947,7543370,wkdt,Q170856,,,,,,
16052878,7543370,,Letsholathebe,,,,,,
15812263,7543398,wkdt,Q170866,,,,,,
16052879,7543398,,Gungwe,,,,,,
8678502,7570732,link,https://en.wikipedia.org/wiki/Matobo%2C_Botswana,,,,,,
8746928,7570732,,Matobo,,,,,,
8077337,7570736,link,https://en.wikipedia.org/wiki/Nswazwi,,,,,,
8114777,7570736,,Nswazwi,,,,,,
8114778,7570751,,Toteng,,,,,,
7511053,7570919,link,https://en.wikipedia.org/wiki/Marapong,,,,,,
7589357,7570919,,Marapong,,,,,,
15825415,7571024,wkdt,Q547560,,,,,,
16053054,7571024,,Pole,,,,,,
14976265,7571349,wkdt,Q170857,,,,,,
16053057,7571349,,Gulubane,,,,,,
14971180,7571467,wkdt,Q170961,,,,,,
16053058,7571467,,Moroka,,,,,,
8096707,7571469,link,https://en.wikipedia.org/wiki/Butale,,,,,,
8114779,7571469,,Butale,,,,,,
15729918,7573762,wkdt,Q21860992,,,,,,
16053065,7573762,,Bushman Mine,,,,,,
7541836,7573779,link,https://en.wikipedia.org/wiki/Lepashe_River,,,,,,
7589358,7573779,,Lepashe River,,,,,,
13912549,7573781,link,https://en.wikipedia.org/wiki/Nkange,,,,,,
13914870,7573781,,Nkange,,,,,,
7544328,7573787,link,https://en.wikipedia.org/wiki/Mosetse,,,,,,
7589359,7573787,,Mosetse,,,,,,
8090181,7573791,link,https://en.wikipedia.org/wiki/Changate,,,,,,
8114792,7573791,,Changate,,,,,,
13912552,7573795,link,https://en.wikipedia.org/wiki/Maitengwe,,,,,,
13914871,7573795,,Maitengwe,,,,,,
14880280,7573795,wkdt,Q170816,,,,,,
8069635,7573799,link,https://en.wikipedia.org/wiki/Matsitama,,,,,,
8114793,7573799,,Matsitama,,,,,,
7510538,7573801,link,https://en.wikipedia.org/wiki/Senete,,,,,,
7589360,7573801,,Senete,,,,,,
7194750,7573818,link,https://en.wikipedia.org/wiki/Tutume,,,,,,
7235878,7573818,,Tutume,,,,,,
11588144,7573818,fa,توتوم، بوتسوانا,,,,,,
11588145,7573818,ru,Тутуме,,,,,,
11588146,7573818,zh,圖圖梅,,,,,,
7550320,7573824,link,https://en.wikipedia.org/wiki/Lepashe,,,,,,
7589361,7573824,,Lepashe,,,,,,
8098072,7575012,link,https://en.wikipedia.org/wiki/Mosu,,,,,,
8114794,7575012,,Mosu,,,,,,
7547660,7575013,link,https://en.wikipedia.org/wiki/Mosope_River,,,,,,
7589362,7575013,,Mosope River,,,,,,
6444829,7575015,,Morukuru,,,,,,
6444830,7575015,,Marukuru,,,,,,
2929133,7575070,link,https://en.wikipedia.org/wiki/Sedudu,,,,,,
5578394,7575070,,Sidudu,,,,,,
5578395,7575070,,Kasikili,,,,,,
8682197,7575074,link,https://en.wikipedia.org/wiki/Kazungula%2C_Botswana,,,,,,
8746930,7575074,,Kazungula,,,,,,
15209993,7575080,wkdt,Q21860958,,,,,,
16053066,7575080,,Lesomo Valley,,,,,,
15355546,7575081,wkdt,Q21860957,,,,,,
16053067,7575081,,Sidudu Valley,,,,,,
15521692,7575082,wkdt,Q21860956,,,,,,
16053068,7575082,,Nyungwe Valley,,,,,,
8093979,7651183,link,https://en.wikipedia.org/wiki/Mokoswane,,,,,,
8114828,7651183,,Mokoswane,,,,,,
8080239,7651356,link,https://en.wikipedia.org/wiki/Tshokwe,,,,,,
8114829,7651356,,Tshokwe,,,,,,
7508230,7651360,link,https://en.wikipedia.org/wiki/Robelela,,,,,,
7589413,7651360,,Robelela,,,,,,
8096450,7651363,link,https://en.wikipedia.org/wiki/Lepokole,,,,,,
8114830,7651363,,Lepokole,,,,,,
6603046,7651375,,Madikola,,,,,,
6603047,7651375,,Modikolola,,,,,,
8078816,7651392,link,https://en.wikipedia.org/wiki/Kweneng,,,,,,
8114831,7651392,,Kweneng,,,,,,
8073944,7653986,link,https://en.wikipedia.org/wiki/Paje%2C_Botswana,,,,,,
8114832,7653986,,Paje,,,,,,
14880277,7653989,wkdt,Q21860873,,,,,,
16053382,7653989,,Mmoko Dam,,,,,,
7076470,7654006,link,https://en.wikipedia.org/wiki/Morupule,,,,,,
7236038,7654006,,Morupule,,,,,,
15440364,7654013,wkdt,Q21860867,,,,,,
16053383,7654013,,Rancheng Dam,,,,,,
15675010,7654015,wkdt,Q21860865,,,,,,
16053384,7654015,,Motolo Dam,,,,,,
8070045,7654627,link,https://en.wikipedia.org/wiki/Gamabuo,,,,,,
8114833,7654627,,Gamabuo,,,,,,
8084210,7654630,link,https://en.wikipedia.org/wiki/Moiyabana,,,,,,
8114834,7654630,,Moiyabana,,,,,,
8090323,7659462,link,https://en.wikipedia.org/wiki/Matlapana,,,,,,
8114835,7659462,,Matlapana,,,,,,
8101732,7659492,link,https://en.wikipedia.org/wiki/Mogorosi,,,,,,
8114836,7659492,,Mogorosi,,,,,,
5795583,7659496,,Majeadinare,,,,,,
5795584,7659496,,Majadinare,,,,,,
5795585,7659501,,Lehatshe,,,,,,
5795586,7659501,,Lehatse,,,,,,
15289325,7659508,wkdt,Q21860823,,,,,,
16053388,7659508,,Setekwane Dam,,,,,,
14880282,7662044,wkdt,Q21860817,,,,,,
16053391,7662044,,Mogatsapoo Dam,,,,,,
5799011,7662049,,Mmantshadidi,,,,,,
5799012,7662049,,Montsadidi,,,,,,
5799489,7663130,,Mabeleapodi,,,,,,
5799490,7663130,,Mabeleapudi,,,,,,
15890220,7663130,wkdt,Q171032,,,,,,
5799508,7663286,,Bojanamane Hill,,,,,,
5799509,7663286,,Mohatane Borotelatshwene,,,,,,
15772963,7663549,wkdt,Q21923813,,,,,,
16053405,7663549,,Tewane Dam,,,,,,
8079924,7663550,link,https://en.wikipedia.org/wiki/Tewane,,,,,,
8114842,7663550,,Tewane,,,,,,
8080983,7663552,link,https://en.wikipedia.org/wiki/Radisele,,,,,,
8114843,7663552,,Radisele,,,,,,
8086521,7663555,link,https://en.wikipedia.org/wiki/Mogome,,,,,,
8114844,7663555,,Mogome,,,,,,
8100328,7663565,link,https://en.wikipedia.org/wiki/Mokgware,,,,,,
8114845,7663565,,Mokgware,,,,,,
5807951,7668231,icao,FBOR,,,,,,
5808696,7668231,iata,ORP,,,,,,
5809441,7668231,link,https://en.wikipedia.org/wiki/Orapa_Airport,,,,,,
8289270,7668231,en,Orapa Airport,,,,,,
10772363,7670702,link,https://en.wikipedia.org/wiki/Gaborone,,,,,,
8098672,7670708,link,https://en.wikipedia.org/wiki/Machaneng,,,,,,
5862607,7685724,,Sikulane River,,,,,,
5862608,7685724,,Sikolane River,,,,,,
7178069,7686372,link,https://en.wikipedia.org/wiki/Morupule_Colliery,,,,,,
7236041,7686372,,Morupule Colliery,,,,,,
7143855,7694647,link,https://en.wikipedia.org/wiki/Mabolwe,,,,,,
7236055,7694647,,Mabolwe,,,,,,
5878532,7696496,,Mogotlhong Borehole,,,,,,
5878533,7696496,,Dinoge Borehole,,,,,,
15852135,7696640,wkdt,Q21860685,,,,,,
16053443,7696640,,Magogodi Valley,,,,,,
8071857,7696641,link,https://en.wikipedia.org/wiki/Mogonono,,,,,,
8114847,7696641,,Mogonono,,,,,,
5885084,7730494,iata,KHW,,,,,,
5885085,7730494,icao,FBKR,,,,,,
8152155,7730494,link,https://en.wikipedia.org/wiki/Khwai_River_Airport,,,,,,
8160053,7730494,en,Khwai River Lodge Airport,,,,,,
5885086,7730495,iata,QPH,,,,,,
5885087,7730495,icao,FBPY,,,,,,
8078624,7730495,link,https://en.wikipedia.org/wiki/Palapye_Airport,,,,,,
5885088,7730496,iata,TLD,,,,,,
5885089,7730496,icao,FBTL,,,,,,
8153766,7730496,link,https://en.wikipedia.org/wiki/Tuli_Lodge_Airport,,,,,,
13731603,7730496,unlc,BWTLD,,,,,,
5886185,7731097,iata,HUK,,,,,,
8074960,7731097,link,https://en.wikipedia.org/wiki/Hukuntsi_Airport,,,,,,
8289215,7731097,en,Hukuntsi Airport,,,,,,
13443140,7731097,icao,FBHK,,,,,,
15454770,7731097,wkdt,Q5935460,,,,,,
7509041,7732949,link,https://en.wikipedia.org/wiki/Seronga,,,,,,
7543362,7732950,link,https://en.wikipedia.org/wiki/Beetsha,,,,,,
7072289,7732957,link,https://en.wikipedia.org/wiki/Satau,,,,,,
8095851,7732958,link,https://en.wikipedia.org/wiki/Parakarungu,,,,,,
7075584,7732983,link,https://en.wikipedia.org/wiki/Lesoma,,,,,,
15208599,7736877,wkdt,Q170886,,,,,,
16053524,7736877,,Dinatshana,,,,,,
15839566,7737582,wkdt,Q21860650,,,,,,
16053525,7737582,,Garamotlhose Valley,,,,,,
6484489,7737585,,Lokgwathe,,,,,,
6484490,7737585,,Lokgwathi,,,,,,
6487497,7739136,,Kgoro Hill,,,,,,
6487498,7739136,,Korwe Hill,,,,,,
6487499,7739137,,Kgoro Pan,,,,,,
6487500,7739137,,Korwe Pan,,,,,,
6487501,7739156,,Rakelobopile Pan,,,,,,
6487502,7739156,,Ranchupile Pan,,,,,,
6487503,7739158,,Mogobe wa Kgomo,,,,,,
6487504,7739158,,Ox Pan,,,,,,
6487505,7739158,,Mosubia ya Khomu,,,,,,
11312401,7739165,link,https://en.wikipedia.org/wiki/Good_Hope%2C_Botswana,,,,,,
11400997,7739165,,Good Hope,,,,,,
6652070,7739177,,Dikgonye,,,,,,
6652071,7739177,,Dikgonnye,,,,,,
6902918,7739177,link,https://en.wikipedia.org/wiki/Dikgonnye,,,,,,
6495591,7745639,,Sesitajwe,,,,,,
6495592,7745639,,Sistajwe,,,,,,
6495629,7745668,,Dimawe,,,,,,
6495630,7745668,,Dinawe,,,,,,
15762095,7745680,wkdt,Q21860592,,,,,,
16053531,7745680,,Phata ya Lefika,,,,,,
6495631,7745707,,Ditshukutswane,,,,,,
6495632,7745707,,Ditshukwane,,,,,,
8096456,7745741,link,https://en.wikipedia.org/wiki/Mogobane_Dam,,,,,,
8114849,7745741,,Mogobane Dam,,,,,,
7495713,7745742,link,https://en.wikipedia.org/wiki/Mogobane,,,,,,
7589419,7745742,,Mogobane,,,,,,
13912555,7746207,link,https://en.wikipedia.org/wiki/Ranaka,,,,,,
13914872,7746207,,Ranaka,,,,,,
15752737,7746207,wkdt,Q170959,,,,,,
15178829,7746208,wkdt,Q21860536,,,,,,
16053534,7746208,,Ranaka Valley,,,,,,
15374280,7746216,wkdt,Q21860532,,,,,,
16053535,7746216,,Mmakgodumo Dam,,,,,,
6496273,7746918,,Kubung,,,,,,
6496274,7746918,,Khubung,,,,,,
6496275,7746937,,Madibamatso,,,,,,
6496276,7746937,,Madibamantsho,,,,,,
6496277,7746973,,Tsopane,,,,,,
6496278,7746973,,Tshopane,,,,,,
7532568,7752436,link,https://en.wikipedia.org/wiki/Natale,,,,,,
7589420,7752436,,Natale,,,,,,
14987336,7752457,wkdt,Q170932,,,,,,
16053725,7752457,,Borotsi,,,,,,
7236066,7752509,,Mmanoko,,,,,,
6902662,7752562,link,https://en.wikipedia.org/wiki/Gakgatla,,,,,,
6928830,7752562,,Gakgatla,,,,,,
7491889,7752580,link,https://en.wikipedia.org/wiki/Dikgatlong_Local_Municipality,,,,,,
7589421,7752580,,Dikgatlong,,,,,,
6506769,7752585,,Kumakwane,,,,,,
6506770,7752585,,Kumakwanyane,,,,,,
7198478,7752587,link,https://en.wikipedia.org/wiki/Kumakwane,,,,,,
7236067,7752587,,Kumakwane,,,,,,
6902442,7752616,link,https://en.wikipedia.org/wiki/Mmankgodi,,,,,,
6928831,7752616,,Mmankgodi,,,,,,
11316237,7754329,link,https://en.wikipedia.org/wiki/Chadibe,,,,,,
11401003,7754329,,Chadibe,,,,,,
13912558,7754332,link,https://en.wikipedia.org/wiki/Shashe-Mooke,,,,,,
13914873,7754332,,Shashe Mooke,,,,,,
6717610,7754749,,Bisoli Ranch,,,,,,
6717611,7754749,,Bosoli Ranch,,,,,,
8101103,7758675,link,https://en.wikipedia.org/wiki/Mmashoro,,,,,,
8114850,7758675,,Mmashoro,,,,,,
8069241,7765649,link,https://en.wikipedia.org/wiki/Gojwane,,,,,,
8114851,7765649,,Gojwane,,,,,,
7368309,7765655,,Serule,,,,,,
6522701,7766289,,Mmankhai,,,,,,
6522702,7766289,,Mmankhi,,,,,,
15883970,7769274,wkdt,Q21860410,,,,,,
16053783,7769274,,Morupule Coal Mine,,,,,,
7142030,7769275,link,https://en.wikipedia.org/wiki/Morupule_Power_Station,,,,,,
7236097,7769275,,Morupule Sub Station,,,,,,
8069267,7769277,link,https://en.wikipedia.org/wiki/Phuduhudu%2C_North-West_District,,,,,,
8114853,7769277,,Phuduhudu,,,,,,
6525008,7769297,,Lemonwe,,,,,,
6525009,7769297,,Lemone,,,,,,
6525010,7769300,,Moduule Pan,,,,,,
6525011,7769300,,Motho-o-ole,,,,,,
6525012,7769303,,Mmamadila One,,,,,,
6525013,7769303,,Mmamadila 1,,,,,,
6525014,7769304,,Mmamadila Two,,,,,,
6525015,7769304,,Mmamadila 2,,,,,,
7785889,7779281,,Ramatlabama,,,,,,
14880289,7845068,wkdt,Q21860397,,,,,,
16053785,7845068,,Phalachwe Hill,,,,,,
6609010,7845070,,Patikwane,,,,,,
6609011,7845070,,Patekwane,,,,,,
6609525,7845553,,Lesenepole,,,,,,
6609526,7845553,,Lesenapole,,,,,,
8099690,7845565,link,https://en.wikipedia.org/wiki/Mabalane%2C_Botswana,,,,,,
8114854,7845565,,Mabalane,,,,,,
15701661,7845675,wkdt,Q21860377,,,,,,
16053786,7845675,,Maifala Hills,,,,,,
6611302,7846961,,Thune Number One,,,,,,
6611303,7846961,,Thune Number 1,,,,,,
6611304,7846962,,Thune Number Two,,,,,,
6611305,7846962,,Thune Number 2,,,,,,
8086645,7847878,link,https://en.wikipedia.org/wiki/Tsetsebjwe,,,,,,
8114855,7847878,,Tsetsebjwe,,,,,,
14967280,7847878,wkdt,Q166989,,,,,,
8074009,7849330,link,https://en.wikipedia.org/wiki/Kodibeleng,,,,,,
8114857,7849330,,Kodibeleng,,,,,,
8094298,7849582,link,https://en.wikipedia.org/wiki/Ikongwe,,,,,,
8114858,7849582,,Ikongwe,,,,,,
6625156,7857090,,Dinokwe,,,,,,
6625157,7857090,,Palla Road,,,,,,
8088880,7857090,link,https://en.wikipedia.org/wiki/Dinokwe,,,,,,
6626555,7859154,,Monate,,,,,,
6626556,7859154,,Monati,,,,,,
6626606,7859758,,Ramoselwana,,,,,,
6626607,7859758,,Ramaselwana,,,,,,
8097583,7860541,link,https://en.wikipedia.org/wiki/Poloka,,,,,,
8114866,7860541,,Poloka,,,,,,
6628196,7861850,,Boswaneope,,,,,,
6628197,7861850,,Boswangope,,,,,,
8068541,7863927,link,https://en.wikipedia.org/wiki/Leshibitse,,,,,,
8114867,7863927,,Leshibitse,,,,,,
15360337,7863930,wkdt,Q21860326,,,,,,
16053819,7863930,,Mmamagwaile Dam,,,,,,
13912557,7867072,link,https://en.wikipedia.org/wiki/Sefhare,,,,,,
13914879,7867072,,Sefhare,,,,,,
14984558,7867072,wkdt,Q72025,,,,,,
8685153,7883456,link,https://en.wikipedia.org/wiki/Seleka%2C_Botswana,,,,,,
8748141,7883456,,Seleka,,,,,,
14968272,7883456,wkdt,Q170757,,,,,,
6668444,7883471,,Lebethu Number One,,,,,,
6668445,7883471,,Lebethu No. 1,,,,,,
8070634,7884390,link,https://en.wikipedia.org/wiki/Mmutlane,,,,,,
8114862,7884390,,Mmutlana,,,,,,
6669825,7884395,,Bonwapitse One,,,,,,
6669826,7884395,,Bonwapitse 1,,,,,,
6669827,7884396,,Bonwapitse Two,,,,,,
6669828,7884396,,Bonwapitse 2,,,,,,
6669829,7884398,,Modiane One,,,,,,
6669830,7884398,,Modiane 1,,,,,,
6669831,7884399,,Modiane Two,,,,,,
6669832,7884399,,Modiane 2,,,,,,
6670146,7884590,,Thokolo One,,,,,,
6670147,7884590,,Thokolo 1,,,,,,
6670148,7884593,,Thokolo Two,,,,,,
6670149,7884593,,Thokolo 2,,,,,,
6670176,7884616,,Tapalamonong,,,,,,
6670177,7884616,,Tapalamanong,,,,,,
6670178,7884619,,Gwape One,,,,,,
6670179,7884619,,Gwape 1,,,,,,
6670180,7884621,,Tswaing One,,,,,,
6670181,7884621,,Tswaing 1,,,,,,
6670182,7884622,,Tswaing Two,,,,,,
6670183,7884622,,Tswaing 2,,,,,,
6670184,7884623,,Tswaing Three,,,,,,
6670185,7884623,,Tswaing 3,,,,,,
6670186,7884624,,Tswaing Four,,,,,,
6670187,7884624,,Tswaing 4,,,,,,
6670188,7884626,,Makubela One,,,,,,
6670189,7884626,,Makubela 1,,,,,,
6670190,7884627,,Matlakhotse Two,,,,,,
6670191,7884627,,Matlakgotse Two,,,,,,
6670192,7884627,,Matlakgotse 2,,,,,,
6670193,7884627,,Matlakhotse 2,,,,,,
15399002,7889493,wkdt,Q171127,,,,,,
16053838,7889493,,Mabutsane,,,,,,
15217811,7908246,wkdt,Q21860245,,,,,,
16053850,7908246,,Gamoleele Valley,,,,,,
7143809,7908255,link,https://en.wikipedia.org/wiki/Kotolaname,,,,,,
7236271,7908255,,Kotolaname,,,,,,
14889498,7908661,wkdt,Q21860239,,,,,,
16053851,7908661,,Ngwanche Valley,,,,,,
7190356,7908686,link,https://en.wikipedia.org/wiki/Lentsweletau,,,,,,
7236275,7908686,,Lentsweletau,,,,,,
6700414,7909114,,Phatlaneng,,,,,,
6700415,7909114,,Patlaneng,,,,,,
6700416,7909144,,Motlholetsetsiga,,,,,,
6700417,7909144,,Motlholetsatsiga,,,,,,
14931965,7909158,wkdt,Q21860224,,,,,,
16053852,7909158,,Gomasala Dam,,,,,,
7161769,7909164,link,https://en.wikipedia.org/wiki/Malwelwe,,,,,,
7236286,7909164,,Malwelwe,,,,,,
8075651,7909172,link,https://en.wikipedia.org/wiki/Moshaweng,,,,,,
8114871,7909172,,Moshaweng,,,,,,
6739327,7924198,en,Ntsokotsa Pan,,,,,,
15511154,7926645,wkdt,Q21860220,,,,,,
16053890,7926645,,Madabe Dam,,,,,,
14861948,7926646,wkdt,Q171030,,,,,,
16053891,7926646,,Siviya,,,,,,
7635395,8298732,iata,SVT,,,,,,
8145416,8298732,icao,FBSV,,,,,,
8150755,8298732,en,Savuti Airport,,,,,,
8150756,8298732,link,https://en.wikipedia.org/wiki/Savuti_Airport,,,,,,
8150757,8298732,,Savuti,,,,,,
13731599,8298732,unlc,BWSVT,,,,,,
7672331,8307033,,Mathambgwane,,,,,,
7672332,8307033,,Mathambgane,,,,,,
7672540,8307301,,Morupule,,,,,,
7672541,8307301,,Morapule,,,,,,
2929488,8308627,link,https://en.wikipedia.org/wiki/Jwaneng,,,,,,
7673707,8308627,,Jwaneng,,,,,,
7673708,8308627,en,Jwaneng Township Area,,,,,,
12095577,8308627,iata,JWA,,,,,,
12188080,8308627,en,Jwaneng,1,1,,,,
13731586,8308627,unlc,BWJWA,,,,,,
15559362,8308627,wkdt,Q165954,,,,,,
7194309,8308632,link,https://en.wikipedia.org/wiki/Mmanoko,,,,,,
7788402,8308632,,Mmanoko,,,,,,
8150888,8521565,iata,SVT,,,,,,
8150889,8521565,en,Savuti Rest Camp,,,,,,
8160054,8521727,en,Khwai River Lodge,,,,,,
8160055,8521727,en,Khwai,,,,,,
8160056,8521727,,Khwai,,,,,,
8161689,8521727,iata,KHW,,,,,,
8681599,8521727,link,https://en.wikipedia.org/wiki/Khwai,,,,,,
13731587,8521727,unlc,BWKHW,,,,,,
8234239,8531911,link,https://en.wikipedia.org/wiki/Lobatse_Airport,,,,,,
8234240,8531911,iata,LOQ,,,,,,
8234241,8531911,icao,FBLO,,,,,,
8236835,8533115,link,https://en.wikipedia.org/wiki/Kanye_Airport,,,,,,
8236836,8533115,icao,FBKY,,,,,,
8237012,8533161,link,https://en.wikipedia.org/wiki/Makalamabedi_Airport,,,,,,
8237013,8533161,icao,FBMM,,,,,,
15376717,8533161,wkdt,Q6738638,,,,,,
8237017,8533163,link,https://en.wikipedia.org/wiki/Nokaneng_Airport,,,,,,
8237018,8533163,icao,FBNN,,,,,,
15704202,8533163,wkdt,Q1657597,,,,,,
8237034,8533168,link,https://en.wikipedia.org/wiki/Nata_Airport,,,,,,
8237035,8533168,icao,FBNT,,,,,,
15769081,8533168,wkdt,Q1657064,,,,,,
8289391,8555868,link,https://en.wikipedia.org/wiki/Gumare_Airport,,,,,,
8289392,8555868,icao,FBGM,,,,,,
8289550,8555868,en,Gomare Airport,,,,,,
15611692,8555868,wkdt,Q5618040,,,,,,
8289427,8555904,icao,FBXG,,,,,,
8289428,8555904,link,https://en.wikipedia.org/wiki/Xugana_Airport,,,,,,
9065333,8989450,link,https://en.wikipedia.org/wiki/Machaneng_Airport,,,,,,
9065334,8989450,icao,FBMG,,,,,,
9065350,8989456,link,https://en.wikipedia.org/wiki/Camp_Okavango_Airport,,,,,,
9065351,8989456,en,Camp Okavango Airstrip,,,,,,
9065352,8989456,icao,FBCO,,,,,,
9065356,8989458,link,https://en.wikipedia.org/wiki/Pandamatenga_Airport,,,,,,
9065357,8989458,icao,FBPA,,,,,,
9137281,9034561,link,https://en.wikipedia.org/wiki/Thebephatshwa_Airport,,,,,,
9137282,9034561,icao,FBTP,,,,,,
9137662,9034750,link,https://en.wikipedia.org/wiki/Xudum_Airport,,,,,,
9137663,9034750,icao,FBXX,,,,,,
9138764,9035696,link,https://en.wikipedia.org/wiki/Molepolole_Airport,,,,,,
9138765,9035696,icao,FBML,,,,,,
11711426,11126881,link,https://en.wikipedia.org/wiki/Kubu_Island,,,,,,
11711427,11126881,,Ga'nnyo,,,,,,
11711429,11126881,kck,Kubu,,,,,,
15789831,11126881,wkdt,Q477491,,,,,,
11947344,11204694,link,"https://www.google.com/maps/place/Xhosa,+Mahalapye,+Botswana/@-23.1409301,26.8258665,14z/data=!3m1!4b1!4m5!3m4!1s0x1eb0a1a07bb25587:0x3d64409cb0604394!8m2!3d-23.1363916!4d26.8409694",,,,,,
13912559,11205055,link,https://en.wikipedia.org/wiki/Tati_Siding,,,,,,
11907556,11205127,link,http://latitude.to/articles-by-country/bw/botswana/355141/semitwe,,,,,,
13912547,11205277,link,https://en.wikipedia.org/wiki/Gumare,,,,,,
15769583,11205277,wkdt,Q170668,,,,,,
11905141,11238061,link,https://it.wikipedia.org/wiki/Musi_(Botswana),,,,,,
11947345,11257169,link,http://wikimapia.org/3069386/Gerald-Estates,,,,,,
11948656,11258332,link,"https://www.google.com/maps/place/Unit+3,+Jwaneng,+Botswana/@-24.6091074,24.7244631,15z/data=!3m1!4b1!4m5!3m4!1s0x1ea45d2346002edd:0x17c44c1bca38ef44!8m2!3d-24.6077915!4d24.7335861",,,,,,
11948754,11258456,link,https://en.wikipedia.org/wiki/Borolong,,,,,,
15711356,11258456,wkdt,Q170930,,,,,,
11948759,11258460,link,https://it.wikipedia.org/wiki/Tshikinyega,,,,,,
13731590,11258535,unlc,BWMAH,,,,,,
11949043,11258536,link,"https://www.google.com/maps/place/Flowertown,+Mahalapye,+Botswana/@-23.1041082,26.8484401,4275m/data=!3m1!1e3!4m5!3m4!1s0x1eb0a3dac77b93c7:0x3ffd319a6f30b18e!8m2!3d-23.1040621!4d26.8601132",,,,,,
11949100,11258564,link,"https://www.google.com/maps/place/Kagiso,+Selebi+Phikwe,+Botswana/@-21.9831149,27.8203118,17z/data=!4m5!3m4!1s0x1eb6f350f5d1d415:0x96cafbb4c028681c!8m2!3d-21.9826254!4d27.8230833",,,,,,
11989336,11279247,link,https://botswana.worldplaces.me/view-place/21243975-unit-1-jwaneng.html,,,,,,
11989345,11279711,link,"https://www.google.com/maps/place/Tidimalo,+Mahalapye,+Botswana/@-23.0931636,26.8093978,15z/data=!3m1!4b1!4m5!3m4!1s0x1eb0a2699007271d:0x5a46aabd83b25f48!8m2!3d-23.0912655!4d26.8174054",,,,,,
11989887,11280521,link,https://botswana.worldplaces.me/view-place/25616918-phuting-ward-thamaga.html,,,,,,
11989894,11280563,link,http://wikimapia.org/1759504/Madisakwana-school,,,,,,
11990138,11280721,link,"https://www.google.com/maps/place/Manyanda/@-21.4293119,27.4502586,13.26z/data=!4m5!3m4!1s0x0:0x3aa0cdc36a6cf6c2!8m2!3d-21.4225098!4d27.4544477",,,,,,
11990480,11280844,link,https://botswana.worldplaces.me/view-place/25616916-kgaphamadi-francistown.html,,,,,,
11991205,11281615,link,"https://www.google.com/maps/place/Dilaene+Ward,+Mahalapye,+Botswana/@-23.1139306,26.7891846,14z/data=!3m1!4b1!4m5!3m4!1s0x1eb0a20513644e85:0x9a73e08c92761dc8!8m2!3d-23.1109674!4d26.7997308",,,,,,
11991563,11281903,link,"https://www.google.com/maps/place/Extension+27,+Gaborone,+Botswana/@-24.6281897,25.9191306,15z/data=!3m1!4b1!4m5!3m4!1s0x1ebb5b6a13d945d9:0xa27fbd7f5f935c45!8m2!3d-24.6287689!4d25.9275821",,,,,,
11991822,11282018,link,https://botswana.worldplaces.me/view-place/25617268-malakana-ward-thamaga.html,,,,,,
11991877,11282043,link,http://wikimapia.org/9620343/Taung-Location,,,,,,
11992199,11282154,link,https://botswana.worldplaces.me/view-place/25618567-new-stands.html,,,,,,
13912550,11287036,link,https://en.wikipedia.org/wiki/Ncojane,,,,,,
11993501,11287513,link,https://en.wikipedia.org/wiki/Mokubilo,,,,,,
11994552,11287829,link,http://www.geopostcodes.com/Ghanzi_Ghanzi,,,,,,
11995746,11288059,link,"https://www.google.com/maps/place/Tshootsha,+Botswana/@-22.1506616,20.8520936,15z/data=!3m1!4b1!4m5!3m4!1s0x1c06dae3821b3b11:0x3fca6a7d2589c22d!8m2!3d-22.1534184!4d20.8612525",,,,,,
11995916,11288136,link,https://fr.wikipedia.org/wiki/Xhauga,,,,,,
11995918,11288138,link,http://www.geopostcodes.com/Barolong,,,,,,
11995921,11288141,link,http://www.geopostcodes.com/Kgatleng_Kgatleng,,,,,,
11996824,11288479,link,"https://www.google.com/maps/place/Sojwe,+Botswana/@-23.4347802,25.7427048,15z/data=!3m1!4b1!4m5!3m4!1s0x1ebaaa2f4c916aa1:0x7b4459c32129c459!8m2!3d-23.4393092!4d25.7516025",,,,,,
11996825,11288481,link,https://fr.wikipedia.org/wiki/Lotlhakane_West,,,,,,
12014759,11288838,link,http://www.geopostcodes.com/Kweneng_East,,,,,,
12095724,11352132,link,https://en.wikipedia.org/wiki/Habu%2C_Botswana,,,,,,
12096086,11352358,link,https://en.wikipedia.org/wiki/Salajwe,,,,,,
12097012,11353058,link,https://en.wikipedia.org/wiki/Rasesa,,,,,,
12133955,11396022,link,"https://www.google.com/maps/place/Kudumatse,+Botswana/@-23.4280496,27.0916194,11.93z/data=!4m5!3m4!1s0x1eba1dd8b7c2d965:0xa577fcd3586e951!8m2!3d-23.4144264!4d27.1470637",,,,,,
12134480,11398139,link,https://it.wikipedia.org/wiki/Lethekane,,,,,,
12136987,11398250,icao,FBKG,,,,,,
12136988,11398250,link,https://en.wikipedia.org/wiki/Kang_Airport,,,,,,
15504211,11398250,wkdt,Q1580022,,,,,,
12188316,11427990,link,https://it.wikipedia.org/wiki/Ramaphatle,,,,,,
12188431,11428030,link,https://fr.wikipedia.org/wiki/Jackalas_No_2,,,,,,
12188557,11428095,link,https://it.wikipedia.org/wiki/Mmamadila,,,,,,
12188981,11428218,link,https://en.wikipedia.org/wiki/Sorilatholo,,,,,,
12189831,11428872,link,"http://www.longitude-latitude-maps.com/city/27_358,Morope,Kweneng,Botswana",,,,,,
12190048,11429061,link,https://en.wikipedia.org/wiki/Mmadikola,,,,,,
15765917,11467814,wkdt,Q170755,,,,,,
15568331,11468280,wkdt,Q170639,,,,,,
13265223,11593974,link,"https://en.wikipedia.org/wiki/Sowa,_Botswana",,,,,,
13265224,11593974,iata,SXN,,,,,,
15448689,11593974,wkdt,Q141310,,,,,,
13499536,11778168,,City of Francistown,,,,,,
13499537,11778168,,Francistown,,,,,,
13522280,11778168,link,https://en.wikipedia.org/wiki/Francistown,,,,,,
13522281,11778169,link,https://en.wikipedia.org/wiki/Gaborone,,,,,,
13523721,11778169,,Gaborone,,,,,,
13520920,11778170,link,https://en.wikipedia.org/wiki/Jwaneng,,,,,,
13523722,11778170,,Jwaneng,,,,,,
13520921,11778171,link,https://en.wikipedia.org/wiki/Lobatse,,,,,,
13523723,11778171,,Lobatse,,,,,,
13499538,11778172,,Selibe Phikwe,,,,,,
13499539,11778172,,Selebi-Phikwe,,,,,,
13499540,11778172,,Selebi Phikwe,,,,,,
13520919,11778172,link,https://en.wikipedia.org/wiki/Selebi-Phikwe,,,,,,
13499541,11778173,,Sowa Town,,,,,,
13499542,11778173,,Sowa,,,,,,
13520922,11778173,link,"https://en.wikipedia.org/wiki/Sowa,_Botswana",,,,,,

