ISO2,ISO3,ISONumeric,FIPS,CountryName,Capital,Area,Population,Continent,TLD,CurrencyCode,CurrencyName,DiallingCode,PostalCodeFormat,PostalCodeRegex,Languages,Neighbours
XX,XXX,999,,No Country,,0,0,EU,,,,,,,,
AD,AND,20,AN,Andorra,Andorra la Vella,468,84000,EU,.ad,EUR,Euro,376,AD###,^(?:AD)*(\d{3})$,ca,"ES,FR"
AE,ARE,784,AE,United Arab Emirates,Abu Dhabi,82880,4975593,AS,.ae,AED,Dirham,971,,,"ar-AE,fa,en,hi,ur","SA,OM"
AF,AFG,4,AF,Afghanistan,Kabul,647500,29121286,AS,.af,AFN,Afghani,93,,,"fa-AF,ps,uz-AF,tk","TM,CN,IR,TJ,PK,UZ"
AG,ATG,28,AC,Antigua and Barbuda,St. John's,443,86754,NA,.ag,XCD,Dollar,-267,,,en-AG,
AI,AIA,660,AV,Anguilla,The Valley,102,13254,NA,.ai,XCD,Dollar,-263,,,en-AI,
AL,ALB,8,AL,Albania,Tirana,28748,2986952,EU,.al,ALL,Lek,355,####,^(\d{4})$,"sq,el","MK,GR,ME,RS,XK"
AM,ARM,51,AM,Armenia,Yerevan,29800,2968000,AS,.am,AMD,Dram,374,######,^(\d{6})$,hy,"GE,IR,AZ,TR"
AO,AGO,24,AO,Angola,Luanda,1246700,13068161,AF,.ao,AOA,Kwanza,244,,,pt-AO,"CD,NA,ZM,CG"
AQ,ATA,10,AY,Antarctica,,14000000,0,AN,.aq,,,,,,,
AR,ARG,32,AR,Argentina,Buenos Aires,2766890,41343201,SA,.ar,ARS,Peso,54,@####@@@,"^[A-Z]?\d{4}[A-Z]{0,3}$","es-AR,en,it,de,fr,gn","CL,BO,UY,PY,BR"
AS,ASM,16,AQ,American Samoa,Pago Pago,199,57881,OC,.as,USD,Dollar,-683,#####-####,96799,"en-AS,sm,to",
AT,AUT,40,AU,Austria,Vienna,83858,8205000,EU,.at,EUR,Euro,43,####,^(\d{4})$,"de-AT,hr,hu,sl","CH,DE,HU,SK,CZ,IT,SI,LI"
AU,AUS,36,AS,Australia,Canberra,7686850,21515754,OC,.au,AUD,Dollar,61,####,^(\d{4})$,en-AU,
AW,ABW,533,AA,Aruba,Oranjestad,193,71566,NA,.aw,AWG,Guilder,297,,,"nl-AW,pap,es,en",
AX,ALA,248,,Aland Islands,Mariehamn,1580,26711,EU,.ax,EUR,Euro,340,#####,^(?:FI)*(\d{5})$,sv-AX,
AZ,AZE,31,AJ,Azerbaijan,Baku,86600,8303512,AS,.az,AZN,Manat,994,AZ ####,^(?:AZ)*(\d{4})$,"az,ru,hy","GE,IR,AM,TR,RU"
BA,BIH,70,BK,Bosnia and Herzegovina,Sarajevo,51129,4590000,EU,.ba,BAM,Marka,387,#####,^(\d{5})$,"bs,hr-BA,sr-BA","HR,ME,RS"
BB,BRB,52,BB,Barbados,Bridgetown,431,285653,NA,.bb,BBD,Dollar,-245,BB#####,^(?:BB)*(\d{5})$,en-BB,
BD,BGD,50,BG,Bangladesh,Dhaka,144000,156118464,AS,.bd,BDT,Taka,880,####,^(\d{4})$,"bn-BD,en","MM,IN"
BE,BEL,56,BE,Belgium,Brussels,30510,10403000,EU,.be,EUR,Euro,32,####,^(\d{4})$,"nl-BE,fr-BE,de-BE","DE,NL,LU,FR"
BF,BFA,854,UV,Burkina Faso,Ouagadougou,274200,16241811,AF,.bf,XOF,Franc,226,,,"fr-BF,mos","NE,BJ,GH,CI,TG,ML"
BG,BGR,100,BU,Bulgaria,Sofia,110910,7148785,EU,.bg,BGN,Lev,359,####,^(\d{4})$,"bg,tr-BG,rom","MK,GR,RO,TR,RS"
BH,BHR,48,BA,Bahrain,Manama,665,738004,AS,.bh,BHD,Dinar,973,####|###,^(\d{3}\d?)$,"ar-BH,en,fa,ur",
BI,BDI,108,BY,Burundi,Bujumbura,27830,9863117,AF,.bi,BIF,Franc,257,,,"fr-BI,rn","TZ,CD,RW"
BJ,BEN,204,BN,Benin,Porto-Novo,112620,9056010,AF,.bj,XOF,Franc,229,,,fr-BJ,"NE,TG,BF,NG"
BL,BLM,652,TB,Saint Barthelemy,Gustavia,21,8450,NA,.gp,EUR,Euro,590,#####,^(\d{5})$,fr,
BM,BMU,60,BD,Bermuda,Hamilton,53,65365,NA,.bm,BMD,Dollar,-440,@@ ##,^([A-Z]{2}\d{2})$,"en-BM,pt",
BN,BRN,96,BX,Brunei,Bandar Seri Begawan,5770,395027,AS,.bn,BND,Dollar,673,@@####,^([A-Z]{2}\d{4})$,"ms-BN,en-BN",MY
BO,BOL,68,BL,Bolivia,Sucre,1098580,9947418,SA,.bo,BOB,Boliviano,591,,,"es-BO,qu,ay","PE,CL,PY,BR,AR"
BQ,BES,535,,"Bonaire, Saint Eustatius and Saba ",,328,18012,NA,.bq,USD,Dollar,599,,,"nl,pap,en",
BR,BRA,76,BR,Brazil,Brasilia,8511965,201103330,SA,.br,BRL,Real,55,#####-###,^\d{5}-\d{3}$,"pt-BR,es,en,fr","SR,PE,BO,UY,GY,PY,GF,VE,CO,AR"
BS,BHS,44,BF,Bahamas,Nassau,13940,301790,NA,.bs,BSD,Dollar,-241,,,en-BS,
BT,BTN,64,BT,Bhutan,Thimphu,47000,699847,AS,.bt,BTN,Ngultrum,975,,,dz,"CN,IN"
BV,BVT,74,BV,Bouvet Island,,49,0,AN,.bv,NOK,Krone,,,,,
BW,BWA,72,BC,Botswana,Gaborone,600370,2029307,AF,.bw,BWP,Pula,267,,,"en-BW,tn-BW","ZW,ZA,NA"
BY,BLR,112,BO,Belarus,Minsk,207600,9685000,EU,.by,BYN,Belarusian ruble,375,######,^(\d{6})$,"be,ru","PL,LT,UA,RU,LV"
BZ,BLZ,84,BH,Belize,Belmopan,22966,314522,NA,.bz,BZD,Dollar,501,,,"en-BZ,es","GT,MX"
CA,CAN,124,CA,Canada,Ottawa,9984670,33679000,NA,.ca,CAD,Dollar,1,@#@ #@#,^([ABCEGHJKLMNPRSTVXY]\d[ABCEGHJKLMNPRSTVWXYZ]) ?(\d[ABCEGHJKLMNPRSTVWXYZ]\d)$ ,"en-CA,fr-CA,iu",US
CC,CCK,166,CK,Cocos Islands,West Island,14,628,AS,.cc,AUD,Dollar,61,,,"ms-CC,en",
CD,COD,180,CG,Democratic Republic of the Congo,Kinshasa,2345410,70916439,AF,.cd,CDF,Franc,243,,,"fr-CD,ln,ktu,kg,sw,lua","TZ,CF,SS,RW,ZM,BI,UG,CG,AO"
CF,CAF,140,CT,Central African Republic,Bangui,622984,4844927,AF,.cf,XAF,Franc,236,,,"fr-CF,sg,ln,kg","TD,SD,CD,SS,CM,CG"
CG,COG,178,CF,Republic of the Congo,Brazzaville,342000,3039126,AF,.cg,XAF,Franc,242,,,"fr-CG,kg,ln-CG","CF,GA,CD,CM,AO"
CH,CHE,756,SZ,Switzerland,Bern,41290,7581000,EU,.ch,CHF,Franc,41,####,^(\d{4})$,"de-CH,fr-CH,it-CH,rm","DE,IT,LI,FR,AT"
CI,CIV,384,IV,Ivory Coast,Yamoussoukro,322460,21058798,AF,.ci,XOF,Franc,225,,,fr-CI,"LR,GH,GN,BF,ML"
CK,COK,184,CW,Cook Islands,Avarua,240,21388,OC,.ck,NZD,Dollar,682,,,"en-CK,mi",
CL,CHL,152,CI,Chile,Santiago,756950,16746491,SA,.cl,CLP,Peso,56,#######,^(\d{7})$,es-CL,"PE,BO,AR"
CM,CMR,120,CM,Cameroon,Yaounde,475440,19294149,AF,.cm,XAF,Franc,237,,,"en-CM,fr-CM","TD,CF,GA,GQ,CG,NG"
CN,CHN,156,CH,China,Beijing,9596960,1330044000,AS,.cn,CNY,Yuan Renminbi,86,######,^(\d{6})$,"zh-CN,yue,wuu,dta,ug,za","LA,BT,TJ,KZ,MN,AF,NP,MM,KG,PK,KP,RU,VN,IN"
CO,COL,170,CO,Colombia,Bogota,1138910,47790000,SA,.co,COP,Peso,57,######,^(\d{6})$,es-CO,"EC,PE,PA,BR,VE"
CR,CRI,188,CS,Costa Rica,San Jose,51100,4516220,NA,.cr,CRC,Colon,506,#####,^(\d{5})$,"es-CR,en","PA,NI"
CU,CUB,192,CU,Cuba,Havana,110860,11423000,NA,.cu,CUP,Peso,53,CP #####,^(?:CP)*(\d{5})$,"es-CU,pap",US
CV,CPV,132,CV,Cape Verde,Praia,4033,508659,AF,.cv,CVE,Escudo,238,####,^(\d{4})$,pt-CV,
CW,CUW,531,UC,Curacao, Willemstad,444,141766,NA,.cw,ANG,Guilder,599,,,"nl,pap",
CX,CXR,162,KT,Christmas Island,Flying Fish Cove,135,1500,OC,.cx,AUD,Dollar,61,####,^(\d{4})$,"en,zh,ms-CC",
CY,CYP,196,CY,Cyprus,Nicosia,9250,1102677,EU,.cy,EUR,Euro,357,####,^(\d{4})$,"el-CY,tr-CY,en",
CZ,CZE,203,EZ,Czechia,Prague,78866,10476000,EU,.cz,CZK,Koruna,420,### ##,^\d{3}\s?\d{2}$,"cs,sk","PL,DE,SK,AT"
DE,DEU,276,GM,Germany,Berlin,357021,81802257,EU,.de,EUR,Euro,49,#####,^(\d{5})$,de,"CH,PL,NL,DK,BE,CZ,LU,FR,AT"
DJ,DJI,262,DJ,Djibouti,Djibouti,23000,740528,AF,.dj,DJF,Franc,253,,,"fr-DJ,ar,so-DJ,aa","ER,ET,SO"
DK,DNK,208,DA,Denmark,Copenhagen,43094,5484000,EU,.dk,DKK,Krone,45,####,^(\d{4})$,"da-DK,en,fo,de-DK",DE
DM,DMA,212,DO,Dominica,Roseau,754,72813,NA,.dm,XCD,Dollar,-766,,,en-DM,
DO,DOM,214,DR,Dominican Republic,Santo Domingo,48730,9823821,NA,.do,DOP,Peso,+1-809 and 1-829,#####,^(\d{5})$,es-DO,HT
DZ,DZA,12,AG,Algeria,Algiers,2381740,34586184,AF,.dz,DZD,Dinar,213,#####,^(\d{5})$,ar-DZ,"NE,EH,LY,MR,TN,MA,ML"
EC,ECU,218,EC,Ecuador,Quito,283560,14790608,SA,.ec,USD,Dollar,593,@####@,^([a-zA-Z]\d{4}[a-zA-Z])$,es-EC,"PE,CO"
EE,EST,233,EN,Estonia,Tallinn,45226,1291170,EU,.ee,EUR,Euro,372,#####,^(\d{5})$,"et,ru","RU,LV"
EG,EGY,818,EG,Egypt,Cairo,1001450,80471869,AF,.eg,EGP,Pound,20,#####,^(\d{5})$,"ar-EG,en,fr","LY,SD,IL,PS"
EH,ESH,732,WI,Western Sahara,El-Aaiun,266000,273008,AF,.eh,MAD,Dirham,212,,,"ar,mey","DZ,MR,MA"
ER,ERI,232,ER,Eritrea,Asmara,121320,5792984,AF,.er,ERN,Nakfa,291,,,"aa-ER,ar,tig,kun,ti-ER","ET,SD,DJ"
ES,ESP,724,SP,Spain,Madrid,504782,46505963,EU,.es,EUR,Euro,34,#####,^(\d{5})$,"es-ES,ca,gl,eu,oc","AD,PT,GI,FR,MA"
ET,ETH,231,ET,Ethiopia,Addis Ababa,1127127,88013491,AF,.et,ETB,Birr,251,####,^(\d{4})$,"am,en-ET,om-ET,ti-ET,so-ET,sid","ER,KE,SD,SS,SO,DJ"
FI,FIN,246,FI,Finland,Helsinki,337030,5244000,EU,.fi,EUR,Euro,358,#####,^(?:FI)*(\d{5})$,"fi-FI,sv-FI,smn","NO,RU,SE"
FJ,FJI,242,FJ,Fiji,Suva,18270,875983,OC,.fj,FJD,Dollar,679,,,"en-FJ,fj",
FK,FLK,238,FK,Falkland Islands,Stanley,12173,2638,SA,.fk,FKP,Pound,500,,,en-FK,
FM,FSM,583,FM,Micronesia,Palikir,702,107708,OC,.fm,USD,Dollar,691,#####,^(\d{5})$,"en-FM,chk,pon,yap,kos,uli,woe,nkr,kpg",
FO,FRO,234,FO,Faroe Islands,Torshavn,1399,48228,EU,.fo,DKK,Krone,298,###,^(?:FO)*(\d{3})$,"fo,da-FO",
FR,FRA,250,FR,France,Paris,547030,64768389,EU,.fr,EUR,Euro,33,#####,^(\d{5})$,"fr-FR,frp,br,co,ca,eu,oc","CH,DE,BE,LU,IT,AD,MC,ES"
GA,GAB,266,GB,Gabon,Libreville,267667,1545255,AF,.ga,XAF,Franc,241,,,fr-GA,"CM,GQ,CG"
GB,GBR,826,UK,United Kingdom,London,244820,62348447,EU,.uk,GBP,Pound,44,@# #@@|@## #@@|@@# #@@|@@## #@@|@#@ #@@|@@#@ #@@|GIR0AA,"^([Gg][Ii][Rr] 0[Aa]{2})|((([A-Za-z][0-9]{1,2})|(([A-Za-z][A-Ha-hJ-Yj-y][0-9]{1,2})|(([A-Za-z][0-9][A-Za-z])|([A-Za-z][A-Ha-hJ-Yj-y][0-9]?[A-Za-z])))) [0-9][A-Za-z]{2})$","en-GB,cy-GB,gd",IE
GD,GRD,308,GJ,Grenada,St. George's,344,107818,NA,.gd,XCD,Dollar,-472,,,en-GD,
GE,GEO,268,GG,Georgia,Tbilisi,69700,4630000,AS,.ge,GEL,Lari,995,####,^(\d{4})$,"ka,ru,hy,az","AM,AZ,TR,RU"
GF,GUF,254,FG,French Guiana,Cayenne,91000,195506,SA,.gf,EUR,Euro,594,#####,^((97|98)3\d{2})$,fr-GF,"SR,BR"
GG,GGY,831,GK,Guernsey,St Peter Port,78,65228,EU,.gg,GBP,Pound,-1437,@# #@@|@## #@@|@@# #@@|@@## #@@|@#@ #@@|@@#@ #@@|GIR0AA,^((?:(?:[A-PR-UWYZ][A-HK-Y]\d[ABEHMNPRV-Y0-9]|[A-PR-UWYZ]\d[A-HJKPS-UW0-9])\s\d[ABD-HJLNP-UW-Z]{2})|GIR\s?0AA)$,"en,nrf",
GH,GHA,288,GH,Ghana,Accra,239460,24339838,AF,.gh,GHS,Cedi,233,,,"en-GH,ak,ee,tw","CI,TG,BF"
GI,GIB,292,GI,Gibraltar,Gibraltar,6.5,27884,EU,.gi,GIP,Pound,350,,,"en-GI,es,it,pt",ES
GL,GRL,304,GL,Greenland,Nuuk,2166086,56375,NA,.gl,DKK,Krone,299,####,^(\d{4})$,"kl,da-GL,en",
GM,GMB,270,GA,Gambia,Banjul,11300,1593256,AF,.gm,GMD,Dalasi,220,,,"en-GM,mnk,wof,wo,ff",SN
GN,GIN,324,GV,Guinea,Conakry,245857,10324025,AF,.gn,GNF,Franc,224,,,fr-GN,"LR,SN,SL,CI,GW,ML"
GP,GLP,312,GP,Guadeloupe,Basse-Terre,1780,443000,NA,.gp,EUR,Euro,590,#####,^((97|98)\d{3})$,fr-GP,
GQ,GNQ,226,EK,Equatorial Guinea,Malabo,28051,1014999,AF,.gq,XAF,Franc,240,,,"es-GQ,fr","GA,CM"
GR,GRC,300,GR,Greece,Athens,131940,11000000,EU,.gr,EUR,Euro,30,### ##,^(\d{5})$,"el-GR,en,fr","AL,MK,TR,BG"
GS,SGS,239,SX,South Georgia and the South Sandwich Islands,Grytviken,3903,30,AN,.gs,GBP,Pound,,,,en,
GT,GTM,320,GT,Guatemala,Guatemala City,108890,13550440,NA,.gt,GTQ,Quetzal,502,#####,^(\d{5})$,es-GT,"MX,HN,BZ,SV"
GU,GUM,316,GQ,Guam,Hagatna,549,159358,OC,.gu,USD,Dollar,-670,969##,^(969\d{2})$,"en-GU,ch-GU",
GW,GNB,624,PU,Guinea-Bissau,Bissau,36120,1565126,AF,.gw,XOF,Franc,245,####,^(\d{4})$,"pt-GW,pov","SN,GN"
GY,GUY,328,GY,Guyana,Georgetown,214970,748486,SA,.gy,GYD,Dollar,592,,,en-GY,"SR,BR,VE"
HK,HKG,344,HK,Hong Kong,Hong Kong,1092,6898686,AS,.hk,HKD,Dollar,852,,,"zh-HK,yue,zh,en",
HM,HMD,334,HM,Heard Island and McDonald Islands,,412,0,AN,.hm,AUD,Dollar, ,,,,
HN,HND,340,HO,Honduras,Tegucigalpa,112090,7989415,NA,.hn,HNL,Lempira,504,@@####,^([A-Z]{2}\d{4})$,"es-HN,cab,miq","GT,NI,SV"
HR,HRV,191,HR,Croatia,Zagreb,56542,4284889,EU,.hr,HRK,Kuna,385,#####,^(?:HR)*(\d{5})$,"hr-HR,sr","HU,SI,BA,ME,RS"
HT,HTI,332,HA,Haiti,Port-au-Prince,27750,9648924,NA,.ht,HTG,Gourde,509,HT####,^(?:HT)*(\d{4})$,"ht,fr-HT",DO
HU,HUN,348,HU,Hungary,Budapest,93030,9982000,EU,.hu,HUF,Forint,36,####,^(\d{4})$,hu-HU,"SK,SI,RO,UA,HR,AT,RS"
ID,IDN,360,ID,Indonesia,Jakarta,1919440,242968342,AS,.id,IDR,Rupiah,62,#####,^(\d{5})$,"id,en,nl,jv","PG,TL,MY"
IE,IRL,372,EI,Ireland,Dublin,70280,4622917,EU,.ie,EUR,Euro,353,@@@ @@@@,^[A-Z]\d{2}$|^[A-Z]{3}[A-Z]{4}$,"en-IE,ga-IE",GB
IL,ISR,376,IS,Israel,Jerusalem,20770,7353985,AS,.il,ILS,Shekel,972,#####,^(\d{5})$,"he,ar-IL,en-IL,","SY,JO,LB,EG,PS"
IM,IMN,833,IM,Isle of Man,Douglas,572,75049,EU,.im,GBP,Pound,-1580,@# #@@|@## #@@|@@# #@@|@@## #@@|@#@ #@@|@@#@ #@@|GIR0AA,^((?:(?:[A-PR-UWYZ][A-HK-Y]\d[ABEHMNPRV-Y0-9]|[A-PR-UWYZ]\d[A-HJKPS-UW0-9])\s\d[ABD-HJLNP-UW-Z]{2})|GIR\s?0AA)$,"en,gv",
IN,IND,356,IN,India,New Delhi,3287590,1173108018,AS,.in,INR,Rupee,91,######,^(\d{6})$,"en-IN,hi,bn,te,mr,ta,ur,gu,kn,ml,or,pa,as,bh,sat,ks,ne,sd,kok,doi,mni,sit,sa,fr,lus,inc","CN,NP,MM,BT,PK,BD"
IO,IOT,86,IO,British Indian Ocean Territory,Diego Garcia,60,4000,AS,.io,USD,Dollar,246,,,en-IO,
IQ,IRQ,368,IZ,Iraq,Baghdad,437072,29671605,AS,.iq,IQD,Dinar,964,#####,^(\d{5})$,"ar-IQ,ku,hy","SY,SA,IR,JO,TR,KW"
IR,IRN,364,IR,Iran,Tehran,1648000,76923300,AS,.ir,IRR,Rial,98,##########,^(\d{10})$,"fa-IR,ku","TM,AF,IQ,AM,PK,AZ,TR"
IS,ISL,352,IC,Iceland,Reykjavik,103000,308910,EU,.is,ISK,Krona,354,###,^(\d{3})$,"is,en,de,da,sv,no",
IT,ITA,380,IT,Italy,Rome,301230,60340328,EU,.it,EUR,Euro,39,#####,^(\d{5})$,"it-IT,de-IT,fr-IT,sc,ca,co,sl","CH,VA,SI,SM,FR,AT"
JE,JEY,832,JE,Jersey,Saint Helier,116,90812,EU,.je,GBP,Pound,-1490,@# #@@|@## #@@|@@# #@@|@@## #@@|@#@ #@@|@@#@ #@@|GIR0AA,^((?:(?:[A-PR-UWYZ][A-HK-Y]\d[ABEHMNPRV-Y0-9]|[A-PR-UWYZ]\d[A-HJKPS-UW0-9])\s\d[ABD-HJLNP-UW-Z]{2})|GIR\s?0AA)$,"en,fr,nrf",
JM,JAM,388,JM,Jamaica,Kingston,10991,2847232,NA,.jm,JMD,Dollar,-875,,,en-JM,
JO,JOR,400,JO,Jordan,Amman,92300,6407085,AS,.jo,JOD,Dinar,962,#####,^(\d{5})$,"ar-JO,en","SY,SA,IQ,IL,PS"
JP,JPN,392,JA,Japan,Tokyo,377835,127288000,AS,.jp,JPY,Yen,81,###-####,^\d{3}-\d{4}$,ja,
KE,KEN,404,KE,Kenya,Nairobi,582650,40046566,AF,.ke,KES,Shilling,254,#####,^(\d{5})$,"en-KE,sw-KE","ET,TZ,SS,SO,UG"
KG,KGZ,417,KG,Kyrgyzstan,Bishkek,198500,5776500,AS,.kg,KGS,Som,996,######,^(\d{6})$,"ky,uz,ru","CN,TJ,UZ,KZ"
KH,KHM,116,CB,Cambodia,Phnom Penh,181040,14453680,AS,.kh,KHR,Riels,855,#####,^(\d{5})$,"km,fr,en","LA,TH,VN"
KI,KIR,296,KR,Kiribati,Tarawa,811,92533,OC,.ki,AUD,Dollar,686,,,"en-KI,gil",
KM,COM,174,CN,Comoros,Moroni,2170,773407,AF,.km,KMF,Franc,269,,,"ar,fr-KM",
KN,KNA,659,SC,Saint Kitts and Nevis,Basseterre,261,51134,NA,.kn,XCD,Dollar,-868,,,en-KN,
KP,PRK,408,KN,North Korea,Pyongyang,120540,22912177,AS,.kp,KPW,Won,850,###-###,^(\d{6})$,ko-KP,"CN,KR,RU"
KR,KOR,410,KS,South Korea,Seoul,98480,48422644,AS,.kr,KRW,Won,82,SEOUL ###-###,^(?:SEOUL)*(\d{6})$,"ko-KR,en",KP
XK,XKX,0,KV,Kosovo,Pristina,10908,1800000,EU,,EUR,Euro,,,,"sq,sr","RS,AL,MK,ME"
KW,KWT,414,KU,Kuwait,Kuwait City,17820,2789132,AS,.kw,KWD,Dinar,965,#####,^(\d{5})$,"ar-KW,en","SA,IQ"
KY,CYM,136,CJ,Cayman Islands,George Town,262,44270,NA,.ky,KYD,Dollar,-344,,,en-KY,
KZ,KAZ,398,KZ,Kazakhstan,Astana,2717300,15340000,AS,.kz,KZT,Tenge,7,######,^(\d{6})$,"kk,ru","TM,CN,KG,UZ,RU"
LA,LAO,418,LA,Laos,Vientiane,236800,6368162,AS,.la,LAK,Kip,856,#####,^(\d{5})$,"lo,fr,en","CN,MM,KH,TH,VN"
LB,LBN,422,LE,Lebanon,Beirut,10400,4125247,AS,.lb,LBP,Pound,961,#### ####|####,^(\d{4}(\d{4})?)$,"ar-LB,fr-LB,en,hy","SY,IL"
LC,LCA,662,ST,Saint Lucia,Castries,616,160922,NA,.lc,XCD,Dollar,-757,,,en-LC,
LI,LIE,438,LS,Liechtenstein,Vaduz,160,35000,EU,.li,CHF,Franc,423,####,^(\d{4})$,de-LI,"CH,AT"
LK,LKA,144,CE,Sri Lanka,Colombo,65610,21513990,AS,.lk,LKR,Rupee,94,#####,^(\d{5})$,"si,ta,en",
LR,LBR,430,LI,Liberia,Monrovia,111370,3685076,AF,.lr,LRD,Dollar,231,####,^(\d{4})$,en-LR,"SL,CI,GN"
LS,LSO,426,LT,Lesotho,Maseru,30355,1919552,AF,.ls,LSL,Loti,266,###,^(\d{3})$,"en-LS,st,zu,xh",ZA
LT,LTU,440,LH,Lithuania,Vilnius,65200,2944459,EU,.lt,EUR,Euro,370,LT-#####,^(?:LT)*(\d{5})$,"lt,ru,pl","PL,BY,RU,LV"
LU,LUX,442,LU,Luxembourg,Luxembourg,2586,497538,EU,.lu,EUR,Euro,352,L-####,^(?:L-)?\d{4}$,"lb,de-LU,fr-LU","DE,BE,FR"
LV,LVA,428,LG,Latvia,Riga,64589,2217969,EU,.lv,EUR,Euro,371,LV-####,^(?:LV)*(\d{4})$,"lv,ru,lt","LT,EE,BY,RU"
LY,LBY,434,LY,Libya,Tripoli,1759540,6461454,AF,.ly,LYD,Dinar,218,,,"ar-LY,it,en","TD,NE,DZ,SD,TN,EG"
MA,MAR,504,MO,Morocco,Rabat,446550,33848242,AF,.ma,MAD,Dirham,212,#####,^(\d{5})$,"ar-MA,ber,fr","DZ,EH,ES"
MC,MCO,492,MN,Monaco,Monaco,1.95,32965,EU,.mc,EUR,Euro,377,#####,^(\d{5})$,"fr-MC,en,it",FR
MD,MDA,498,MD,Moldova,Chisinau,33843,4324000,EU,.md,MDL,Leu,373,MD-####,^MD-\d{4}$,"ro,ru,gag,tr","RO,UA"
ME,MNE,499,MJ,Montenegro,Podgorica,14026,666730,EU,.me,EUR,Euro,382,#####,^(\d{5})$,"sr,hu,bs,sq,hr,rom","AL,HR,BA,RS,XK"
MF,MAF,663,RN,Saint Martin,Marigot,53,35925,NA,.gp,EUR,Euro,590,#####,^(\d{5})$,fr,SX
MG,MDG,450,MA,Madagascar,Antananarivo,587040,21281844,AF,.mg,MGA,Ariary,261,###,^(\d{3})$,"fr-MG,mg",
MH,MHL,584,RM,Marshall Islands,Majuro,181.3,65859,OC,.mh,USD,Dollar,692,#####-####,^969\d{2}(-\d{4})$,"mh,en-MH",
MK,MKD,807,MK,Macedonia,Skopje,25333,2062294,EU,.mk,MKD,Denar,389,####,^(\d{4})$,"mk,sq,tr,rmm,sr","AL,GR,BG,RS,XK"
ML,MLI,466,ML,Mali,Bamako,1240000,13796354,AF,.ml,XOF,Franc,223,,,"fr-ML,bm","SN,NE,DZ,CI,GN,MR,BF"
MM,MMR,104,BM,Myanmar,Nay Pyi Taw,678500,53414374,AS,.mm,MMK,Kyat,95,#####,^(\d{5})$,my,"CN,LA,TH,BD,IN"
MN,MNG,496,MG,Mongolia,Ulan Bator,1565000,3086918,AS,.mn,MNT,Tugrik,976,######,^(\d{6})$,"mn,ru","CN,RU"
MO,MAC,446,MC,Macao,Macao,254,449198,AS,.mo,MOP,Pataca,853,,,"zh,zh-MO,pt",
MP,MNP,580,CQ,Northern Mariana Islands,Saipan,477,53883,OC,.mp,USD,Dollar,-669,#####,^9695\d{1}$,"fil,tl,zh,ch-MP,en-MP",
MQ,MTQ,474,MB,Martinique,Fort-de-France,1100,432900,NA,.mq,EUR,Euro,596,#####,^(\d{5})$,fr-MQ,
MR,MRT,478,MR,Mauritania,Nouakchott,1030700,3205060,AF,.mr,MRO,Ouguiya,222,,,"ar-MR,fuc,snk,fr,mey,wo","SN,DZ,EH,ML"
MS,MSR,500,MH,Montserrat,Plymouth,102,9341,NA,.ms,XCD,Dollar,-663,,,en-MS,
MT,MLT,470,MT,Malta,Valletta,316,403000,EU,.mt,EUR,Euro,356,@@@ ####,^[A-Z]{3}\s?\d{4}$,"mt,en-MT",
MU,MUS,480,MP,Mauritius,Port Louis,2040,1294104,AF,.mu,MUR,Rupee,230,,,"en-MU,bho,fr",
MV,MDV,462,MV,Maldives,Male,300,395650,AS,.mv,MVR,Rufiyaa,960,#####,^(\d{5})$,"dv,en",
MW,MWI,454,MI,Malawi,Lilongwe,118480,15447500,AF,.mw,MWK,Kwacha,265,,,"ny,yao,tum,swk","TZ,MZ,ZM"
MX,MEX,484,MX,Mexico,Mexico City,1972550,112468855,NA,.mx,MXN,Peso,52,#####,^(\d{5})$,es-MX,"GT,US,BZ"
MY,MYS,458,MY,Malaysia,Kuala Lumpur,329750,28274729,AS,.my,MYR,Ringgit,60,#####,^(\d{5})$,"ms-MY,en,zh,ta,te,ml,pa,th","BN,TH,ID"
MZ,MOZ,508,MZ,Mozambique,Maputo,801590,22061451,AF,.mz,MZN,Metical,258,####,^(\d{4})$,"pt-MZ,vmw","ZW,TZ,SZ,ZA,ZM,MW"
NA,NAM,516,WA,Namibia,Windhoek,825418,2128471,AF,.na,NAD,Dollar,264,,,"en-NA,af,de,hz,naq","ZA,BW,ZM,AO"
NC,NCL,540,NC,New Caledonia,Noumea,19060,216494,OC,.nc,XPF,Franc,687,#####,^(\d{5})$,fr-NC,
NE,NER,562,NG,Niger,Niamey,1267000,15878271,AF,.ne,XOF,Franc,227,####,^(\d{4})$,"fr-NE,ha,kr,dje","TD,BJ,DZ,LY,BF,NG,ML"
NF,NFK,574,NF,Norfolk Island,Kingston,34.6,1828,OC,.nf,AUD,Dollar,672,####,^(\d{4})$,en-NF,
NG,NGA,566,NI,Nigeria,Abuja,923768,154000000,AF,.ng,NGN,Naira,234,######,^(\d{6})$,"en-NG,ha,yo,ig,ff","TD,NE,BJ,CM"
NI,NIC,558,NU,Nicaragua,Managua,129494,5995928,NA,.ni,NIO,Cordoba,505,###-###-#,^(\d{7})$,"es-NI,en","CR,HN"
NL,NLD,528,NL,Netherlands,Amsterdam,41526,16645000,EU,.nl,EUR,Euro,31,#### @@,^(\d{4}[A-Z]{2})$,"nl-NL,fy-NL","DE,BE"
NO,NOR,578,NO,Norway,Oslo,324220,5009150,EU,.no,NOK,Krone,47,####,^(\d{4})$,"no,nb,nn,se,fi","FI,RU,SE"
NP,NPL,524,NP,Nepal,Kathmandu,140800,28951852,AS,.np,NPR,Rupee,977,#####,^(\d{5})$,"ne,en","CN,IN"
NR,NRU,520,NR,Nauru,Yaren,21,10065,OC,.nr,AUD,Dollar,674,,,"na,en-NR",
NU,NIU,570,NE,Niue,Alofi,260,2166,OC,.nu,NZD,Dollar,683,,,"niu,en-NU",
NZ,NZL,554,NZ,New Zealand,Wellington,268680,4252277,OC,.nz,NZD,Dollar,64,####,^(\d{4})$,"en-NZ,mi",
OM,OMN,512,MU,Oman,Muscat,212460,2967717,AS,.om,OMR,Rial,968,###,^(\d{3})$,"ar-OM,en,bal,ur","SA,YE,AE"
PA,PAN,591,PM,Panama,Panama City,78200,3410676,NA,.pa,PAB,Balboa,507,,,"es-PA,en","CR,CO"
PE,PER,604,PE,Peru,Lima,1285220,29907003,SA,.pe,PEN,Sol,51,,,"es-PE,qu,ay","EC,CL,BO,BR,CO"
PF,PYF,258,FP,French Polynesia,Papeete,4167,270485,OC,.pf,XPF,Franc,689,#####,^((97|98)7\d{2})$,"fr-PF,ty",
PG,PNG,598,PP,Papua New Guinea,Port Moresby,462840,6064515,OC,.pg,PGK,Kina,675,###,^(\d{3})$,"en-PG,ho,meu,tpi",ID
PH,PHL,608,RP,Philippines,Manila,300000,99900177,AS,.ph,PHP,Peso,63,####,^(\d{4})$,"tl,en-PH,fil,ceb,tgl,ilo,hil,war,pam,bik,bcl,pag,mrw,tsg,mdh,cbk,krj,sgd,msb,akl,ibg,yka,mta,abx",
PK,PAK,586,PK,Pakistan,Islamabad,803940,184404791,AS,.pk,PKR,Rupee,92,#####,^(\d{5})$,"ur-PK,en-PK,pa,sd,ps,brh","CN,AF,IR,IN"
PL,POL,616,PL,Poland,Warsaw,312685,38500000,EU,.pl,PLN,Zloty,48,##-###,^\d{2}-\d{3}$,pl,"DE,LT,SK,CZ,BY,UA,RU"
PM,SPM,666,SB,Saint Pierre and Miquelon,Saint-Pierre,242,7012,NA,.pm,EUR,Euro,508,#####,^(97500)$,fr-PM,
PN,PCN,612,PC,Pitcairn,Adamstown,47,46,OC,.pn,NZD,Dollar,870,,,en-PN,
PR,PRI,630,RQ,Puerto Rico,San Juan,9104,3916632,NA,.pr,USD,Dollar,+1-787 and 1-939,#####-####,^00[679]\d{2}(?:-\d{4})?$,"en-PR,es-PR",
PS,PSE,275,WE,Palestinian Territory,East Jerusalem,5970,3800000,AS,.ps,ILS,Shekel,970,,,ar-PS,"JO,IL,EG"
PT,PRT,620,PO,Portugal,Lisbon,92391,10676000,EU,.pt,EUR,Euro,351,####-###,"^\d{4}-\d{3}\s?[a-zA-Z]{0,25}$","pt-PT,mwl",ES
PW,PLW,585,PS,Palau,Melekeok,458,19907,OC,.pw,USD,Dollar,680,96940,^(96940)$,"pau,sov,en-PW,tox,ja,fil,zh",
PY,PRY,600,PA,Paraguay,Asuncion,406750,6375830,SA,.py,PYG,Guarani,595,####,^(\d{4})$,"es-PY,gn","BO,BR,AR"
QA,QAT,634,QA,Qatar,Doha,11437,840926,AS,.qa,QAR,Rial,974,,,"ar-QA,es",SA
RE,REU,638,RE,Reunion,Saint-Denis,2517,776948,AF,.re,EUR,Euro,262,#####,^((97|98)(4|7|8)\d{2})$,fr-RE,
RO,ROU,642,RO,Romania,Bucharest,237500,21959278,EU,.ro,RON,Leu,40,######,^(\d{6})$,"ro,hu,rom","MD,HU,UA,BG,RS"
RS,SRB,688,RI,Serbia,Belgrade,88361,7344847,EU,.rs,RSD,Dinar,381,######,^(\d{6})$,"sr,hu,bs,rom","AL,HU,MK,RO,HR,BA,BG,ME,XK"
RU,RUS,643,RS,Russia,Moscow,17100000,140702000,EU,.ru,RUB,Ruble,7,######,^(\d{6})$,"ru,tt,xal,cau,ady,kv,ce,tyv,cv,udm,tut,mns,bua,myv,mdf,chm,ba,inh,tut,kbd,krc,av,sah,nog","GE,CN,BY,UA,KZ,LV,PL,EE,LT,FI,MN,NO,AZ,KP"
RW,RWA,646,RW,Rwanda,Kigali,26338,11055976,AF,.rw,RWF,Franc,250,,,"rw,en-RW,fr-RW,sw","TZ,CD,BI,UG"
SA,SAU,682,SA,Saudi Arabia,Riyadh,1960582,25731776,AS,.sa,SAR,Rial,966,#####,^(\d{5})$,ar-SA,"QA,OM,IQ,YE,JO,AE,KW"
SB,SLB,90,BP,Solomon Islands,Honiara,28450,559198,OC,.sb,SBD,Dollar,677,,,"en-SB,tpi",
SC,SYC,690,SE,Seychelles,Victoria,455,88340,AF,.sc,SCR,Rupee,248,,,"en-SC,fr-SC",
SD,SDN,729,SU,Sudan,Khartoum,1861484,35000000,AF,.sd,SDG,Pound,249,#####,^(\d{5})$,"ar-SD,en,fia","SS,TD,EG,ET,ER,LY,CF"
SS,SSD,728,OD,South Sudan,Juba,644329,8260490,AF,,SSP,Pound,211,,,en,"CD,CF,ET,KE,SD,UG"
SE,SWE,752,SW,Sweden,Stockholm,449964,9828655,EU,.se,SEK,Krona,46,### ##,^(?:SE)?\d{3}\s\d{2}$,"sv-SE,se,sma,fi-SE","NO,FI"
SG,SGP,702,SN,Singapore,Singapore,692.7,4701069,AS,.sg,SGD,Dollar,65,######,^(\d{6})$,"cmn,en-SG,ms-SG,ta-SG,zh-SG",
SH,SHN,654,SH,Saint Helena,Jamestown,410,7460,AF,.sh,SHP,Pound,290,STHL 1ZZ,^(STHL1ZZ)$,en-SH,
SI,SVN,705,SI,Slovenia,Ljubljana,20273,2007000,EU,.si,EUR,Euro,386,####,^(?:SI)*(\d{4})$,"sl,sh","HU,IT,HR,AT"
SJ,SJM,744,SV,Svalbard and Jan Mayen,Longyearbyen,62049,2550,EU,.sj,NOK,Krone,47,####,^(\d{4})$,"no,ru",
SK,SVK,703,LO,Slovakia,Bratislava,48845,5455000,EU,.sk,EUR,Euro,421,### ##,^\d{3}\s?\d{2}$,"sk,hu","PL,HU,CZ,UA,AT"
SL,SLE,694,SL,Sierra Leone,Freetown,71740,5245695,AF,.sl,SLL,Leone,232,,,"en-SL,men,tem","LR,GN"
SM,SMR,674,SM,San Marino,San Marino,61.2,31477,EU,.sm,EUR,Euro,378,4789#,^(4789\d)$,it-SM,IT
SN,SEN,686,SG,Senegal,Dakar,196190,12323252,AF,.sn,XOF,Franc,221,#####,^(\d{5})$,"fr-SN,wo,fuc,mnk","GN,MR,GW,GM,ML"
SO,SOM,706,SO,Somalia,Mogadishu,637657,10112453,AF,.so,SOS,Shilling,252,@@  #####,^([A-Z]{2}\d{5})$,"so-SO,ar-SO,it,en-SO","ET,KE,DJ"
SR,SUR,740,NS,Suriname,Paramaribo,163270,492829,SA,.sr,SRD,Dollar,597,,,"nl-SR,en,srn,hns,jv","GY,BR,GF"
ST,STP,678,TP,Sao Tome and Principe,Sao Tome,1001,175808,AF,.st,STD,Dobra,239,,,pt-ST,
SV,SLV,222,ES,El Salvador,San Salvador,21040,6052064,NA,.sv,USD,Dollar,503,CP ####,^(?:CP)*(\d{4})$,es-SV,"GT,HN"
SX,SXM,534,NN,Sint Maarten,Philipsburg,21,37429,NA,.sx,ANG,Guilder,599,,,"nl,en",MF
SY,SYR,760,SY,Syria,Damascus,185180,22198110,AS,.sy,SYP,Pound,963,,,"ar-SY,ku,hy,arc,fr,en","IQ,JO,IL,TR,LB"
SZ,SWZ,748,WZ,Swaziland,Mbabane,17363,1354051,AF,.sz,SZL,Lilangeni,268,@###,^([A-Z]\d{3})$,"en-SZ,ss-SZ","ZA,MZ"
TC,TCA,796,TK,Turks and Caicos Islands,Cockburn Town,430,20556,NA,.tc,USD,Dollar,-648,TKCA 1ZZ,^(TKCA 1ZZ)$,en-TC,
TD,TCD,148,CD,Chad,N'Djamena,1284000,10543464,AF,.td,XAF,Franc,235,,,"fr-TD,ar-TD,sre","NE,LY,CF,SD,CM,NG"
TF,ATF,260,FS,French Southern Territories,Port-aux-Francais,7829,140,AN,.tf,EUR,Euro  ,,,,fr,
TG,TGO,768,TO,Togo,Lome,56785,6587239,AF,.tg,XOF,Franc,228,,,"fr-TG,ee,hna,kbp,dag,ha","BJ,GH,BF"
TH,THA,764,TH,Thailand,Bangkok,514000,67089500,AS,.th,THB,Baht,66,#####,^(\d{5})$,"th,en","LA,MM,KH,MY"
TJ,TJK,762,TI,Tajikistan,Dushanbe,143100,7487489,AS,.tj,TJS,Somoni,992,######,^(\d{6})$,"tg,ru","CN,AF,KG,UZ"
TK,TKL,772,TL,Tokelau,,10,1466,OC,.tk,NZD,Dollar,690,,,"tkl,en-TK",
TL,TLS,626,TT,Timor Leste,Dili,15007,1154625,OC,.tl,USD,Dollar,670,,,"tet,pt-TL,id,en",ID
TM,TKM,795,TX,Turkmenistan,Ashgabat,488100,4940916,AS,.tm,TMT,Manat,993,######,^(\d{6})$,"tk,ru,uz","AF,IR,UZ,KZ"
TN,TUN,788,TS,Tunisia,Tunis,163610,10589025,AF,.tn,TND,Dinar,216,####,^(\d{4})$,"ar-TN,fr","DZ,LY"
TO,TON,776,TN,Tonga,Nuku'alofa,748,122580,OC,.to,TOP,Pa'anga,676,,,"to,en-TO",
TR,TUR,792,TU,Turkey,Ankara,780580,77804122,AS,.tr,TRY,Lira,90,#####,^(\d{5})$,"tr-TR,ku,diq,az,av","SY,GE,IQ,IR,GR,AM,AZ,BG"
TT,TTO,780,TD,Trinidad and Tobago,Port of Spain,5128,1328019,NA,.tt,TTD,Dollar,-867,,,"en-TT,hns,fr,es,zh",
TV,TUV,798,TV,Tuvalu,Funafuti,26,10472,OC,.tv,AUD,Dollar,688,,,"tvl,en,sm,gil",
TW,TWN,158,TW,Taiwan,Taipei,35980,22894384,AS,.tw,TWD,Dollar,886,#####,^(\d{5})$,"zh-TW,zh,nan,hak",
TZ,TZA,834,TZ,Tanzania,Dodoma,945087,41892895,AF,.tz,TZS,Shilling,255,,,"sw-TZ,en,ar","MZ,KE,CD,RW,ZM,BI,UG,MW"
UA,UKR,804,UP,Ukraine,Kyiv,603700,45415596,EU,.ua,UAH,Hryvnia,380,#####,^(\d{5})$,"uk,ru-UA,rom,pl,hu","PL,MD,HU,SK,BY,RO,RU"
UG,UGA,800,UG,Uganda,Kampala,236040,33398682,AF,.ug,UGX,Shilling,256,,,"en-UG,lg,sw,ar","TZ,KE,SS,CD,RW"
UM,UMI,581,,United States Minor Outlying Islands,,0,0,OC,.um,USD,Dollar ,1,,,en-UM,
US,USA,840,US,United States,Washington,9629091,310232863,NA,.us,USD,Dollar,1,#####-####,^\d{5}(-\d{4})?$,"en-US,es-US,haw,fr","CA,MX,CU"
UY,URY,858,UY,Uruguay,Montevideo,176220,3477000,SA,.uy,UYU,Peso,598,#####,^(\d{5})$,es-UY,"BR,AR"
UZ,UZB,860,UZ,Uzbekistan,Tashkent,447400,27865738,AS,.uz,UZS,Som,998,######,^(\d{6})$,"uz,ru,tg","TM,AF,KG,TJ,KZ"
VA,VAT,336,VT,Vatican,Vatican City,0.44,921,EU,.va,EUR,Euro,379,#####,^(\d{5})$,"la,it,fr",IT
VC,VCT,670,VC,Saint Vincent and the Grenadines,Kingstown,389,104217,NA,.vc,XCD,Dollar,-783,,,"en-VC,fr",
VE,VEN,862,VE,Venezuela,Caracas,912050,27223228,SA,.ve,VES,Bolivar Soberano,58,####,^(\d{4})$,es-VE,"GY,BR,CO"
VG,VGB,92,VI,British Virgin Islands,Road Town,153,21730,NA,.vg,USD,Dollar,-283,,,en-VG,
VI,VIR,850,VQ,U.S. Virgin Islands,Charlotte Amalie,352,108708,NA,.vi,USD,Dollar,-339,#####-####,^008\d{2}(?:-\d{4})?$,en-VI,
VN,VNM,704,VM,Vietnam,Hanoi,329560,89571130,AS,.vn,VND,Dong,84,######,^(\d{6})$,"vi,en,fr,zh,km","CN,LA,KH"
VU,VUT,548,NH,Vanuatu,Port Vila,12200,221552,OC,.vu,VUV,Vatu,678,,,"bi,en-VU,fr-VU",
WF,WLF,876,WF,Wallis and Futuna,Mata Utu,274,16025,OC,.wf,XPF,Franc,681,#####,^(986\d{2})$,"wls,fud,fr-WF",
WS,WSM,882,WS,Samoa,Apia,2944,192001,OC,.ws,WST,Tala,685,,,"sm,en-WS",
YE,YEM,887,YM,Yemen,Sanaa,527970,23495361,AS,.ye,YER,Rial,967,,,ar-YE,"SA,OM"
YT,MYT,175,MF,Mayotte,Mamoudzou,374,159042,AF,.yt,EUR,Euro,262,#####,^(\d{5})$,fr-YT,
ZA,ZAF,710,SF,South Africa,Pretoria,1219912,49000000,AF,.za,ZAR,Rand,27,####,^(\d{4})$,"zu,xh,af,nso,en-ZA,tn,st,ts,ss,ve,nr","ZW,SZ,MZ,BW,NA,LS"
ZM,ZMB,894,ZA,Zambia,Lusaka,752614,13460305,AF,.zm,ZMW,Kwacha,260,#####,^(\d{5})$,"en-ZM,bem,loz,lun,lue,ny,toi","ZW,TZ,MZ,CD,NA,MW,AO"
ZW,ZWE,716,ZI,Zimbabwe,Harare,390580,13061000,AF,.zw,ZWL,Dollar,263,,,"en-ZW,sn,nr,nd","ZA,MZ,BW,ZM"
CS,SCG,891,YI,Serbia and Montenegro,Belgrade,102350,10829175,EU,.cs,RSD,Dinar,381,#####,^(\d{5})$,"cu,hu,sq,sr","AL,HU,MK,RO,HR,BA,BG"
AN,ANT,530,NT,Netherlands Antilles,Willemstad,960,300000,NA,.an,ANG,Guilder,599,,,"nl-AN,en,es",GP